Id,OrgId,IncidentId,AlertId,Timestamp,DetectorId,AlertTitle,Category,MitreTechniques,IncidentGrade,ActionGrouped,ActionGranular,EntityType,EvidenceRole,DeviceId,Sha256,IpAddress,Url,AccountSid,AccountUpn,AccountObjectId,AccountName,DeviceName,NetworkMessageId,EmailClusterId,RegistryKey,RegistryValueName,RegistryValueData,ApplicationId,ApplicationName,OAuthApplicationId,ThreatFamily,FileName,FolderPath,ResourceIdName,ResourceType,Roles,OSFamily,OSVersion,AntispamDirection,SuspicionLevel,LastVerdict,CountryCode,State,City
1434519079553,583,95280,586327,2024-06-12T10:00:56.000Z,5,80,SuspiciousActivity,,BenignPositive,,,CloudApplication,Impacted,98799,138268,360606,160396,441377,673934,425863,453297,153085,529644,,1631,635,860,3,3,881,,289573,117668,3586,,,5,66,,,,242,1445,10630
661424967867,30,91566,99551,2024-06-04T12:07:01.000Z,37,26477,Exfiltration,,FalsePositive,,,MailMessage,Impacted,98799,138268,360606,160396,441377,309,425863,453297,153085,179649,,1631,635,860,2251,3421,881,,289573,117668,3586,,,5,66,,,,242,1445,10630
773094118231,614,24763,341053,2024-06-07T14:22:44.000Z,5,2282,SuspiciousActivity,,BenignPositive,,,User,Impacted,98799,138268,360606,160396,6920,10163,6985,7486,153085,529644,,1631,635,860,2251,3421,881,,289573,117668,3586,,,5,66,,,,242,1445,10630
1589137900116,42,368,56025,2024-06-13T22:22:45.000Z,43,28,Malware,T1027;T1027.002;T1027.005;T1105;T1204.002,BenignPositive,,,File,Related,98799,2474,360606,160396,441377,673934,425863,453297,153085,529644,,1631,635,860,2251,3421,881,,2882,10,3586,,,5,66,,Suspicious,Suspicious,242,1445,10630
1417339212121,323,7850,2477,2024-06-14T07:08:37.000Z,527,1910,Exfiltration,,BenignPositive,,,File,Impacted,98799,138268,360606,160396,441377,673934,425863,453297,153085,529644,,1631,635,860,2251,3421,881,,133867,0,3586,,,5,66,,,,242,1445,10630
738734375476,644,30600,817968,2024-06-09T14:16:11.000Z,0,0,InitialAccess,T1078;T1078.004,FalsePositive,,,CloudLogonRequest,Related,98799,138268,360606,160396,441377,673934,425863,453297,153085,529644,,1631,635,860,2251,3421,881,,289573,117668,3586,,,5,66,,,,242,1445,10630
1365799600695,317,559020,1097260,2024-06-13T15:20:48.000Z,107,46396,DefenseEvasion,,BenignPositive,,,File,Related,98799,58574,360606,160396,441377,673934,425863,453297,153085,529644,,1631,635,860,2251,3421,881,CandyOpen,133975,30699,3586,,,5,66,,Suspicious,Suspicious,242,1445,10630
979252545689,13,5312,8745,2024-06-13T13:02:56.000Z,243,4820,Exfiltration,,BenignPositive,,,File,Impacted,98799,85623,360606,160396,441377,673934,425863,453297,153085,529644,,1631,635,860,2251,3421,881,,254136,5722,3586,,,5,66,,,,242,1445,10630
721554510835,126,888,53650,2024-06-09T00:41:19.000Z,7,6,InitialAccess,,TruePositive,,,User,Impacted,98799,138268,360606,160396,959,1325,953,1018,153085,529644,,1631,635,860,2251,3421,881,,289573,117668,3586,,,5,66,,,,242,1445,10630
455266537754,191,10692,217324,2024-06-04T02:35:36.000Z,35,23,InitialAccess,T1566,BenignPositive,,,Mailbox,Impacted,98799,138268,360606,160396,21052,34267,20598,20440,153085,529644,,1631,635,860,2251,3421,881,,289573,117668,3586,,,5,66,,,,242,1445,10630
489626271745,25,123,1115623,2024-06-05T00:48:24.000Z,67,48856,Exfiltration,,BenignPositive,,,User,Impacted,98799,138268,360606,160396,76387,72041,66815,69103,153085,529644,,1631,635,860,2251,3421,881,,289573,117668,3586,,,5,66,,,,242,1445,10630
927712938177,313,3864,53471,2024-06-02T08:01:44.000Z,7,6,InitialAccess,,TruePositive,,,User,Impacted,98799,138268,360606,160396,128,181,120,147,153085,529644,,1631,635,860,2251,3421,881,,289573,117668,3586,,,5,66,,,,242,1445,10630
111669154679,37,34,3417,2024-06-06T04:36:28.000Z,97,1568,Exfiltration,,FalsePositive,,,MailMessage,Impacted,98799,138268,360606,160396,441377,131538,425863,453297,153085,825,,1631,635,860,2251,3421,881,,289573,117668,3586,,,5,66,,,,242,1445,10630
180388631072,173,21474,277218,2024-06-10T20:55:03.000Z,2,2,CommandAndControl,,TruePositive,,,Machine,Impacted,20232,138268,360606,160396,441377,673934,425863,453297,32415,529644,,1631,635,860,2251,3421,881,,289573,117668,3586,,,0,0,,Suspicious,Suspicious,242,1445,10630
1322849927807,43,682,3723,2024-05-20T14:32:58.000Z,52,10,Impact,,BenignPositive,,,Ip,Related,98799,138268,49600,160396,441377,673934,425863,453297,153085,529644,,1631,635,860,2251,3421,881,,289573,117668,3586,,,5,66,,,,242,1445,10630
206158434794,1380,53796,1163553,2024-06-07T06:27:41.000Z,365,372,LateralMovement,T1210,BenignPositive,,,Machine,Impacted,25626,138268,360606,160396,441377,673934,425863,453297,153085,529644,,1631,635,860,2251,3421,881,,289573,117668,3586,,Source,5,66,,,,242,1445,10630
1546188230090,35,165,1240204,2024-06-03T01:55:20.000Z,7,6,InitialAccess,,TruePositive,,,CloudLogonRequest,Related,98799,138268,360606,160396,441377,673934,425863,453297,153085,529644,,1631,635,860,2251,3421,881,,289573,117668,3586,,,5,66,,,,242,1445,10630
549755815919,23,176,997437,2024-06-05T16:38:32.000Z,0,0,InitialAccess,T1078;T1078.004,TruePositive,,,User,Impacted,98799,138268,360606,160396,3733,5058,3759,3944,153085,529644,,1631,635,860,2251,3421,881,,289573,117668,3586,,,5,66,,,,242,1445,10630
180388628218,0,612,73774,2024-06-04T16:02:44.000Z,0,0,InitialAccess,T1078;T1078.004,TruePositive,,,Ip,Related,98799,138268,60,160396,441377,673934,425863,453297,153085,529644,,1631,635,860,2251,3421,881,,289573,117668,3586,,,5,66,,,,7,8,6
120259086544,48,256602,577113,2024-06-10T17:42:41.000Z,9,45,Execution,,BenignPositive,,,User,Impacted,98799,138268,360606,160396,20966,33012,20403,21922,153085,529644,,1631,635,860,2251,3421,881,,289573,117668,3586,,,5,66,,,,242,1445,10630
352187318280,6,146563,470762,2024-06-03T02:07:25.000Z,3,4,SuspiciousActivity,,BenignPositive,,,Process,Related,98799,490,360606,160396,441377,673934,425863,453297,153085,529644,,1631,635,860,2251,3421,881,,237,3389,3586,,,5,66,,Suspicious,,242,1445,10630
1468878816857,1,485,125687,2024-06-03T10:26:24.000Z,0,0,InitialAccess,T1078;T1078.004,TruePositive,,,Ip,Related,98799,138268,5462,160396,441377,673934,425863,453297,153085,529644,,1631,635,860,2251,3421,881,,289573,117668,3586,,,5,66,,,,3,5,21
1700807053108,14,1720,71,2024-05-23T03:28:17.000Z,41,89,Impact,,TruePositive,,,Ip,Related,98799,138268,4589,160396,441377,673934,425863,453297,153085,529644,,1631,635,860,2251,3421,881,,289573,117668,3586,,,5,66,,,,242,1445,10630
1700807050817,595,285824,1573370,2024-06-04T13:53:24.000Z,292,8224,Malware,,TruePositive,,,File,Related,98799,121551,360606,160396,441377,673934,425863,453297,153085,529644,,1631,635,860,2251,3421,881,,39822,76664,3586,,,5,66,,Suspicious,Malicious,242,1445,10630
1666447315001,115,148830,721676,2024-06-07T16:44:54.000Z,3,4,SuspiciousActivity,,TruePositive,,,Machine,Impacted,783,138268,360606,160396,441377,673934,425863,453297,2108,529644,,1631,635,860,2251,3421,881,,289573,117668,3586,,,5,66,,Suspicious,Suspicious,242,1445,10630
1039382087499,262,24385,8817,2024-06-11T13:38:59.000Z,417,3459,Exfiltration,,BenignPositive,,,MailMessage,Impacted,98799,138268,360606,160396,441377,16116,425863,453297,153085,190,,1631,635,860,2251,3421,881,,289573,117668,3586,,,5,66,,,,242,1445,10630
1082331763540,334,2137,57597,2024-06-15T00:24:43.000Z,439,20383,Exfiltration,,TruePositive,,,File,Impacted,98799,138268,360606,160396,441377,673934,425863,453297,153085,529644,,1631,635,860,2251,3421,881,,116339,27787,3586,,,5,66,,,,242,1445,10630
1133871367940,0,292,511121,2024-06-03T18:33:58.000Z,0,0,InitialAccess,T1078;T1078.004,TruePositive,,,CloudLogonRequest,Related,98799,138268,360606,160396,441377,673934,425863,453297,153085,529644,,1631,635,860,2251,3421,881,,289573,117668,3586,,,5,66,,,,242,1445,10630
188978565640,155,59,1267390,2024-06-07T11:19:09.000Z,19,15,InitialAccess,,TruePositive,,,User,Impacted,98799,138268,360606,160396,4779,6623,4778,5083,153085,529644,,1631,635,860,2251,3421,881,,289573,117668,3586,,,5,66,,,,242,1445,10630
1443109013265,0,303,74639,2024-06-05T08:22:58.000Z,0,0,InitialAccess,T1078;T1078.004,TruePositive,,,CloudLogonSession,Related,98799,138268,360606,160396,441377,673934,425863,453297,153085,529644,,1631,635,860,2251,3421,881,,289573,117668,3586,,,5,66,,,,242,1445,10630
755914245838,26,149228,1546967,2024-06-11T02:43:42.000Z,365,372,LateralMovement,T1210,BenignPositive,,,Machine,Impacted,98799,138268,360606,160396,441377,673934,425863,453297,84724,529644,,1631,635,860,2251,3421,881,,289573,117668,3586,,Source,5,66,,,,242,1445,10630
884763263609,17,225120,435623,2024-06-13T21:29:17.000Z,20,22119,Exfiltration,,FalsePositive,,,Machine,Impacted,98799,138268,360606,160396,441377,673934,425863,453297,52,529644,,1631,635,860,2251,3421,881,,289573,117668,3586,,,5,66,,,,242,1445,10630
1322849932304,46,263276,674347,2024-06-06T01:11:58.000Z,643,854,Execution,T1559,BenignPositive,,,Process,Related,98799,138268,360606,160396,441377,673934,425863,453297,153085,529644,,1631,635,860,2251,3421,881,,289573,117668,3586,,,5,66,,,,242,1445,10630
773094116143,50,1054,177247,2024-06-05T09:25:52.000Z,0,0,InitialAccess,T1078;T1078.004,TruePositive,,,CloudLogonSession,Related,98799,138268,360606,160396,441377,673934,425863,453297,153085,529644,,1631,635,860,2251,3421,881,,289573,117668,3586,,,5,66,,,,242,1445,10630
901943133951,0,204,377391,2024-06-03T21:13:59.000Z,4,3,InitialAccess,,TruePositive,,,User,Impacted,98799,138268,360606,160396,695,926,689,739,153085,529644,,1631,635,860,2251,3421,881,,289573,117668,3586,,,5,66,,,,242,1445,10630
1632087573165,1298,36604,1461922,2024-06-14T15:54:51.000Z,8174,93817,Collection,T1074,FalsePositive,,,Ip,Related,98799,138268,297213,160396,441377,673934,425863,453297,153085,529644,,1631,635,860,2251,3421,881,,289573,117668,3586,,,5,66,,,,242,1445,10630
944892806785,1,27,831799,2024-06-10T19:34:14.000Z,4,3,InitialAccess,,TruePositive,,,Ip,Related,98799,138268,66859,160396,441377,673934,425863,453297,153085,529644,,1631,635,860,2251,3421,881,,289573,117668,3586,,,5,66,,,,11,1445,10630
128849023194,71,3251,727,2024-06-03T16:39:08.000Z,98,38,InitialAccess,,FalsePositive,,,Ip,Related,98799,138268,27715,160396,441377,673934,425863,453297,153085,529644,,1631,635,860,2251,3421,881,,289573,117668,3586,,,5,66,,,,242,1445,10630
1159641173703,3,301881,786221,2024-06-07T17:57:06.000Z,2,2,CommandAndControl,,BenignPositive,,,Process,Related,98799,2,360606,160396,441377,673934,425863,453297,153085,529644,,1631,635,860,2251,3421,881,,1,1,3586,,,5,66,,Suspicious,Suspicious,242,1445,10630
240518170224,1,24,1041856,2024-06-08T20:50:13.000Z,4,3,InitialAccess,,TruePositive,,,User,Impacted,98799,138268,360606,160396,375,492,368,404,153085,529644,,1631,635,860,2251,3421,881,,289573,117668,3586,,,5,66,,,,242,1445,10630
1700807051442,52,4100,3023,2024-06-05T20:37:42.000Z,287,237,DefenseEvasion,,BenignPositive,,,Machine,Impacted,17039,138268,360606,160396,441377,673934,425863,453297,25623,529644,,1631,635,860,2251,3421,881,,289573,117668,3586,,,5,66,,,,242,1445,10630
506806145029,24,65828,42308,2024-06-13T11:46:00.000Z,1,1,InitialAccess,T1566.002,TruePositive,,,MailMessage,Related,98799,138268,360606,160396,441377,8967,425863,453297,153085,148339,,1631,635,860,2251,3421,881,,289573,117668,3586,,,5,66,Inbound,,Malicious,242,1445,10630
558345750602,49,132698,268794,2024-06-11T15:23:46.000Z,2,2,CommandAndControl,,TruePositive,,,Url,Related,98799,138268,360606,5,441377,673934,425863,453297,153085,529644,,1631,635,860,2251,3421,881,,289573,117668,3586,,,5,66,,Suspicious,Suspicious,242,1445,10630
1486058685028,17,153405,153621,2024-06-12T13:55:37.000Z,20,33147,Exfiltration,,FalsePositive,,,File,Impacted,98799,138268,360606,160396,441377,673934,425863,453297,153085,529644,,1631,635,860,2251,3421,881,,616,499,3586,,,5,66,,,,242,1445,10630
1382979474342,4,1766,352,2024-05-21T10:17:21.000Z,8,7,InitialAccess,T1133,FalsePositive,,,Machine,Impacted,98799,138268,360606,160396,441377,673934,425863,453297,167,529644,,1631,635,860,2251,3421,881,,289573,117668,3586,,,5,66,,,,242,1445,10630
489626276238,36,1412,131388,2024-06-09T15:32:53.000Z,2,2,CommandAndControl,,TruePositive,,,Url,Related,98799,138268,360606,58,441377,673934,425863,453297,153085,529644,,1631,635,860,2251,3421,881,,289573,117668,3586,,,5,66,,Suspicious,Suspicious,242,1445,10630
919123002060,82,7122,2607,2024-06-06T07:21:30.000Z,1,1,InitialAccess,T1566.002,TruePositive,,,Mailbox,Impacted,98799,138268,360606,160396,4044,2544,4021,4231,153085,529644,,1631,635,860,2251,3421,881,,289573,117668,3586,,,5,66,,,,242,1445,10630
1709396986607,34,329386,716725,2024-06-04T16:21:13.000Z,3,4,SuspiciousActivity,,BenignPositive,,,Ip,Related,98799,138268,70888,160396,441377,673934,425863,453297,153085,529644,,1631,635,860,2251,3421,881,,289573,117668,3586,,,5,66,,Suspicious,Suspicious,242,1445,10630
1073741824325,11,434986,951604,2024-06-14T21:06:33.000Z,0,0,InitialAccess,T1078;T1078.004,FalsePositive,,,User,Impacted,98799,138268,360606,160396,303869,357846,273549,230871,153085,529644,,1631,635,860,2251,3421,881,,289573,117668,3586,,,5,66,,,,242,1445,10630
1348619731713,350,39125,45403,2024-06-09T03:09:37.000Z,1,1,InitialAccess,T1566.002,BenignPositive,,,Url,Related,98799,138268,360606,87608,441377,673934,425863,453297,153085,529644,,1631,635,860,2251,3421,881,,289573,117668,3586,,,5,66,,,Malicious,242,1445,10630
1434519076902,6,1282,1314,2024-05-25T11:39:14.000Z,17,1325,Impact,,BenignPositive,,,Ip,Related,98799,138268,1210,160396,441377,673934,425863,453297,153085,529644,,1631,635,860,2251,3421,881,,289573,117668,3586,,,5,66,,,,242,1445,10630
1675037250078,9,110381,1098558,2024-06-05T12:02:37.000Z,87,280,Discovery,T1007;T1059.001,FalsePositive,,,Machine,Impacted,6111,138268,360606,160396,441377,673934,425863,453297,10519,529644,,1631,635,860,2251,3421,881,,289573,117668,3586,,,0,0,,Suspicious,Suspicious,242,1445,10630
1520418424160,65,363687,1140224,2024-06-06T17:09:41.000Z,76,56,SuspiciousActivity,,FalsePositive,,,File,Related,98799,8,360606,160396,441377,673934,425863,453297,153085,529644,,1631,635,860,2251,3421,881,,9,0,3586,,,5,66,,,,242,1445,10630
111669150708,129,7716,45904,2024-06-07T23:50:28.000Z,1,1,InitialAccess,T1566.002,TruePositive,,,MailMessage,Related,98799,138268,360606,160396,441377,4852,425863,453297,153085,5296,,1631,635,860,2251,3421,881,,289573,117668,3586,,,5,66,Inbound,,NoThreatsFound,242,1445,10630
541165879667,687,25735,458301,2024-06-10T22:25:55.000Z,6,5,InitialAccess,T1566,BenignPositive,,,MailMessage,Related,98799,138268,360606,160396,441377,55676,425863,453297,153085,48891,,1631,635,860,2251,3421,881,,289573,117668,3586,,,5,66,,,,242,1445,10630
1503238555583,931,9767,28404,2024-06-09T17:13:10.000Z,1,1,InitialAccess,T1566.002,TruePositive,,,Url,Related,98799,138268,360606,1227,441377,673934,425863,453297,153085,529644,,1631,635,860,2251,3421,881,,289573,117668,3586,,,5,66,,,Malicious,242,1445,10630
1254130450500,67,12913,148027,2024-06-13T21:13:40.000Z,13,11,InitialAccess,T1566,BenignPositive,,,Mailbox,Impacted,98799,138268,360606,160396,441377,115592,425863,453297,153085,529644,,1631,635,860,2251,3421,881,,289573,117668,3586,,,5,66,,,,242,1445,10630
412316862515,487,34594,52886,2024-06-06T00:07:35.000Z,1,1,InitialAccess,T1566.002,TruePositive,,,Url,Related,98799,138268,360606,79747,441377,673934,425863,453297,153085,529644,,1631,635,860,2251,3421,881,,289573,117668,3586,,,5,66,,,Malicious,242,1445,10630
1443109014460,124,286581,588352,2024-06-12T22:29:41.000Z,9,64,Execution,,FalsePositive,,,User,Impacted,98799,138268,360606,160396,4,16,3,3,153085,529644,,1631,635,860,2251,3421,881,,289573,117668,3586,,,5,66,,,,242,1445,10630
953482743111,183,34666,795182,2024-06-12T22:20:54.000Z,242,66396,Exfiltration,,BenignPositive,,,File,Impacted,98799,138268,360606,160396,441377,673934,425863,453297,153085,529644,,1631,635,860,2251,3421,881,,200992,0,3586,,,5,66,,,,242,1445,10630
206158430958,127,108,846479,2024-06-10T20:19:02.000Z,0,0,InitialAccess,T1078;T1078.004,TruePositive,,,CloudLogonRequest,Related,98799,138268,360606,160396,441377,673934,425863,453297,153085,529644,,1631,635,860,2251,3421,881,,289573,117668,3586,,,5,66,,,,242,1445,10630
489626273554,0,131,872721,2024-06-08T21:14:40.000Z,0,0,InitialAccess,T1078;T1078.004,TruePositive,,,CloudLogonSession,Related,98799,138268,360606,160396,441377,673934,425863,453297,153085,529644,,1631,635,860,2251,3421,881,,289573,117668,3586,,,5,66,,,,242,1445,10630
1322849931449,30,41649,39515,2024-06-11T13:49:37.000Z,967,15985,Exfiltration,,BenignPositive,,,CloudApplication,Impacted,98799,138268,360606,160396,441377,673934,425863,453297,153085,529644,,1631,635,860,2,2,881,,289573,117668,3586,,,5,66,,,,242,1445,10630
1322849928920,84,351494,440033,2024-06-05T14:43:25.000Z,68,4341,Exfiltration,,TruePositive,,,Ip,Related,98799,138268,12337,160396,441377,673934,425863,453297,153085,529644,,1631,635,860,2251,3421,881,,289573,117668,3586,,,5,66,,,,242,1445,10630
962072677341,50,1495,123590,2024-06-10T22:30:52.000Z,0,0,InitialAccess,T1078;T1078.004,TruePositive,,,User,Impacted,98799,138268,360606,160396,27996,46377,29156,31043,153085,529644,,1631,635,860,2251,3421,881,,289573,117668,3586,,,5,66,,,,242,1445,10630
412316864741,30,195180,293530,2024-06-06T19:00:52.000Z,37,42012,Exfiltration,,FalsePositive,,,File,Impacted,98799,138268,360606,160396,441377,673934,425863,453297,153085,529644,,1631,635,860,2251,3421,881,,28673,0,3586,,,5,66,,,,242,1445,10630
712964575784,301,34481,49947,2024-06-03T10:59:06.000Z,1,1,InitialAccess,T1566.002,BenignPositive,,,MailMessage,Related,98799,138268,360606,160396,441377,7561,425863,453297,153085,20589,,1631,635,860,2251,3421,881,,289573,117668,3586,,,5,66,Inbound,,Malicious,242,1445,10630
936302871568,129,242581,646227,2024-06-13T20:32:59.000Z,379,62652,Exfiltration,,BenignPositive,,,MailMessage,Impacted,98799,138268,360606,160396,441377,383663,425863,453297,153085,76023,,1631,635,860,2251,3421,881,,289573,117668,3586,,,5,66,,,,242,1445,10630
1340029798322,488,12335,58830,2024-06-06T12:48:49.000Z,13,11,InitialAccess,T1566,TruePositive,,,User,Impacted,98799,138268,360606,160396,93622,60249,99359,109715,153085,529644,,1631,635,860,2251,3421,881,,289573,117668,3586,,,5,66,,,,242,1445,10630
910533071880,46,263506,1624110,2024-06-13T19:18:36.000Z,1347,2681,InitialAccess,,BenignPositive,,,Mailbox,Impacted,98799,138268,360606,160396,44129,68557,41941,46400,153085,529644,,1631,635,860,2251,3421,881,,289573,117668,3586,,,5,66,,,,242,1445,10630
42949677214,30,512953,1456501,2024-06-04T20:34:03.000Z,237,93769,Exfiltration,,FalsePositive,,,File,Impacted,98799,138268,360606,160396,441377,673934,425863,453297,153085,529644,,1631,635,860,2251,3421,881,,169934,114197,3586,,,5,66,,,,242,1445,10630
1116691497737,130,78499,519592,2024-06-10T16:58:09.000Z,7,6,InitialAccess,,BenignPositive,,,User,Impacted,98799,138268,360606,160396,14956,24504,15190,16164,153085,529644,,1631,635,860,2251,3421,881,,289573,117668,3586,,,5,66,,,,242,1445,10630
266287974422,90,248,956464,2024-06-05T04:57:01.000Z,0,0,InitialAccess,T1078;T1078.004,TruePositive,,,Ip,Related,98799,138268,225783,160396,441377,673934,425863,453297,153085,529644,,1631,635,860,2251,3421,881,,289573,117668,3586,,,5,66,,,,36,77,92
85899348629,34,279755,606798,2024-06-04T18:48:15.000Z,3,4,SuspiciousActivity,,BenignPositive,,,Ip,Related,98799,138268,277313,160396,441377,673934,425863,453297,153085,529644,,1631,635,860,2251,3421,881,,289573,117668,3586,,,5,66,,Suspicious,Suspicious,242,1445,10630
1262720387558,28,346,27467,2024-06-03T07:14:58.000Z,1,1,InitialAccess,T1566.002,FalsePositive,,,MailMessage,Related,98799,138268,360606,160396,441377,18079,425863,453297,153085,425845,,1631,635,860,2251,3421,881,,289573,117668,3586,,,5,66,,,,242,1445,10630
618475292895,236,8617,1587138,2024-06-04T15:37:22.000Z,2193,5859,Persistence,T1137;T1221,BenignPositive,,,Machine,Impacted,15,138268,360606,160396,441377,673934,425863,453297,16,529644,,1631,635,860,2251,3421,881,,289573,117668,3586,,,0,0,,Suspicious,Suspicious,242,1445,10630
1486058686357,39,423,7460,2024-06-14T11:45:17.000Z,6,5,InitialAccess,T1566,BenignPositive,,,MailCluster,Related,98799,138268,360606,160396,441377,673934,425863,453297,153085,529644,,1631,635,860,2251,3421,881,,289573,117668,3586,,,5,66,,,NoThreatsFound,242,1445,10630
661424967975,1302,6095,990830,2024-06-04T10:20:24.000Z,0,0,InitialAccess,T1078;T1078.004,TruePositive,,,CloudLogonRequest,Related,98799,138268,360606,160396,441377,673934,425863,453297,153085,529644,,1631,635,860,2251,3421,881,,289573,117668,3586,,,5,66,,,,242,1445,10630
1511828492493,36,30250,37125,2024-06-11T20:50:46.000Z,1,1,InitialAccess,T1566.002,BenignPositive,,,User,Impacted,98799,138268,360606,160396,233585,552004,258843,259859,153085,529644,,1631,635,860,2251,3421,881,,289573,117668,3586,,,5,66,,,,242,1445,10630
1443109013265,0,303,69557,2024-06-04T21:16:03.000Z,0,0,InitialAccess,T1078;T1078.004,TruePositive,,,Ip,Related,98799,138268,1137,160396,441377,673934,425863,453297,153085,529644,,1631,635,860,2251,3421,881,,289573,117668,3586,,,5,66,,,,0,3,123
249108104863,167,20475,747584,2024-06-13T11:15:35.000Z,2,2,CommandAndControl,,BenignPositive,,,Url,Related,98799,138268,360606,1282,441377,673934,425863,453297,153085,529644,,1631,635,860,2251,3421,881,,289573,117668,3586,,,5,66,,Suspicious,Suspicious,242,1445,10630
1331439865523,3,87031,605560,2024-06-04T10:44:29.000Z,3,164,UnwantedSoftware,,BenignPositive,,,Process,Related,98799,36,360606,160396,441377,673934,425863,453297,153085,529644,,1631,635,860,2251,3421,881,,1,1,3586,,,5,66,,Suspicious,Suspicious,242,1445,10630
455266534868,88,326,38833,2024-06-13T02:29:20.000Z,58,43,Exfiltration,,FalsePositive,,,User,Impacted,98799,138268,360606,160396,28290,23835,29760,31129,153085,529644,,1631,635,860,2251,3421,881,,289573,117668,3586,,,5,66,,,,242,1445,10630
498216208069,145,163508,61219,2024-06-08T09:08:00.000Z,1,1,InitialAccess,T1566.002,TruePositive,,,MailCluster,Related,98799,138268,360606,160396,441377,673934,425863,453297,153085,529644,3929589050.0,1631,635,860,2251,3421,881,,289573,117668,3586,,,5,66,,,Suspicious,242,1445,10630
25769807370,263,6358,320922,2024-06-03T17:57:12.000Z,0,0,InitialAccess,T1078;T1078.004,TruePositive,,,Ip,Related,98799,138268,735,160396,441377,673934,425863,453297,153085,529644,,1631,635,860,2251,3421,881,,289573,117668,3586,,,5,66,,,,9,14,11
1151051235831,77,34827,219988,2024-06-12T21:48:49.000Z,1,1,InitialAccess,T1566.002,BenignPositive,,,MailMessage,Related,98799,138268,360606,160396,441377,4295,425863,453297,153085,47275,,1631,635,860,2251,3421,881,,289573,117668,3586,,,5,66,Inbound,,NoThreatsFound,242,1445,10630
240518173128,230,542,1013,2024-06-07T14:50:22.000Z,127,108,SuspiciousActivity,T1586,TruePositive,,,Mailbox,Related,98799,138268,360606,160396,125853,151495,161461,138713,153085,529644,,1631,635,860,2251,3421,881,,289573,117668,3586,,,5,66,,,,242,1445,10630
1460288881362,1050,78988,192611,2024-06-04T11:10:28.000Z,3,4,SuspiciousActivity,,TruePositive,,,User,Impacted,98799,138268,360606,160396,164314,236765,133844,127702,153085,529644,,1631,635,860,2251,3421,881,,289573,117668,3586,,,5,66,,Suspicious,Suspicious,242,1445,10630
1640677511644,1046,6224,33572,2024-06-04T15:07:35.000Z,1,1,InitialAccess,T1566.002,FalsePositive,,,File,Related,98799,2965,360606,160396,441377,673934,425863,453297,153085,529644,,1631,635,860,2251,3421,881,,23,117668,3586,,,5,66,,,,242,1445,10630
747324314740,222,22731,871960,2024-06-12T10:25:24.000Z,0,0,InitialAccess,T1078;T1078.004,FalsePositive,,,CloudLogonRequest,Related,98799,138268,360606,160396,441377,673934,425863,453297,153085,529644,,1631,635,860,2251,3421,881,,289573,117668,3586,,,5,66,,,,242,1445,10630
111669154679,37,34,12133,2024-06-06T09:08:09.000Z,97,3714,Exfiltration,,FalsePositive,,,MailMessage,Impacted,98799,138268,360606,160396,441377,81999,425863,453297,153085,256,,1631,635,860,2251,3421,881,,289573,117668,3586,,,5,66,,,,242,1445,10630
1108101562368,25,124,99423,2024-06-05T17:01:19.000Z,30,26623,Exfiltration,,BenignPositive,,,MailMessage,Impacted,98799,138268,360606,160396,441377,92526,425863,453297,153085,38967,,1631,635,860,2251,3421,881,,289573,117668,3586,,,5,66,,,,242,1445,10630
103079219815,38,160274,251517,2024-06-11T15:43:45.000Z,2,2,CommandAndControl,,BenignPositive,,,User,Impacted,98799,138268,360606,160396,76877,119378,75796,74055,153085,529644,,1631,635,860,2251,3421,881,,289573,117668,3586,,,5,66,,Suspicious,Suspicious,242,1445,10630
979252544152,17,153399,153594,2024-06-12T18:28:45.000Z,20,33427,Exfiltration,,FalsePositive,,,Machine,Impacted,98799,138268,360606,160396,441377,673934,425863,453297,609,529644,,1631,635,860,2251,3421,881,,289573,117668,3586,,,5,66,,,,242,1445,10630
1477468750438,381,486,10380,2024-06-11T01:11:38.000Z,47,30,InitialAccess,T1566.002,TruePositive,,,MailMessage,Related,98799,138268,360606,160396,441377,34669,425863,453297,153085,37004,,1631,635,860,2251,3421,881,,289573,117668,3586,,,5,66,,,,242,1445,10630
163208761028,72,242,1178203,2024-06-05T20:23:47.000Z,0,0,InitialAccess,T1078;T1078.004,TruePositive,,,CloudLogonRequest,Related,98799,138268,360606,160396,441377,673934,425863,453297,153085,529644,,1631,635,860,2251,3421,881,,289573,117668,3586,,,5,66,,,,242,1445,10630
1597727836635,326,109097,84320,2024-06-03T17:25:53.000Z,6,5,InitialAccess,T1566,BenignPositive,,,File,Related,98799,81000,360606,160396,441377,673934,425863,453297,153085,529644,,1631,635,860,2251,3421,881,,1657,117668,3586,,,5,66,,,,242,1445,10630
412316865044,944,57443,88061,2024-06-05T09:57:29.000Z,3,3479,SuspiciousActivity,,BenignPositive,,,Url,Related,98799,138268,360606,0,441377,673934,425863,453297,153085,529644,,1631,635,860,2251,3421,881,,289573,117668,3586,,,5,66,,,,242,1445,10630
163208761028,72,242,490629,2024-06-04T15:52:25.000Z,0,0,InitialAccess,T1078;T1078.004,TruePositive,,,Ip,Related,98799,138268,66,160396,441377,673934,425863,453297,153085,529644,,1631,635,860,2251,3421,881,,289573,117668,3586,,,5,66,,,,14,25,31
257698041945,10,2142,178,2024-05-23T01:38:52.000Z,12,52,Impact,,TruePositive,,,Ip,Related,98799,138268,141,160396,441377,673934,425863,453297,153085,529644,,1631,635,860,2251,3421,881,,289573,117668,3586,,,5,66,,,,242,1445,10630
1666447311459,93,9,0,2024-06-12T01:27:49.000Z,27,18,Discovery,T1087;T1087.002,FalsePositive,,,User,Impacted,98799,138268,360606,160396,273896,673934,425863,278346,153085,529644,,1631,635,860,2251,3421,881,,289573,117668,3586,,Suspicious,5,66,,,,242,1445,10630
163208760649,2,21435,6708,2024-06-03T05:50:36.000Z,18,14,Exfiltration,,BenignPositive,,,MailMessage,Impacted,98799,138268,360606,160396,441377,7,425863,453297,153085,8883,,1631,635,860,2251,3421,881,,289573,117668,3586,,,5,66,,,,242,1445,10630
1185410975372,7,1572,266,2024-05-24T02:55:49.000Z,22,10,Impact,,FalsePositive,,,Ip,Related,98799,138268,29468,160396,441377,673934,425863,453297,153085,529644,,1631,635,860,2251,3421,881,,289573,117668,3586,,,5,66,,,,242,1445,10630
1348619731301,64,70475,14380,2024-05-24T08:27:03.000Z,1420,105,Exfiltration,T1030,BenignPositive,,,Url,Related,98799,138268,360606,35086,441377,673934,425863,453297,153085,529644,,1631,635,860,2251,3421,881,,289573,117668,3586,,,5,66,,,,242,1445,10630
240518173476,4,2551,443,2024-05-25T05:12:39.000Z,8,7,InitialAccess,T1133,FalsePositive,,,Machine,Impacted,98799,138268,360606,160396,441377,673934,425863,453297,487,529644,,1631,635,860,2251,3421,881,,289573,117668,3586,,,5,66,,,,242,1445,10630
1606317770555,185,1305,117,2024-05-22T18:07:49.000Z,128,663,CommandAndControl,T1568;T1573;T1008,FalsePositive,,,Url,Related,98799,138268,360606,41887,441377,673934,425863,453297,153085,529644,,1631,635,860,2251,3421,881,,289573,117668,3586,,,5,66,,,,242,1445,10630
1133871369910,3,83200,202927,2024-06-13T09:33:32.000Z,3,164,UnwantedSoftware,,BenignPositive,,,Url,Related,98799,138268,360606,17,441377,673934,425863,453297,153085,529644,,1631,635,860,2251,3421,881,,289573,117668,3586,,,5,66,,,,242,1445,10630
77309415380,108,106838,221674,2024-06-12T05:10:25.000Z,1,1,InitialAccess,T1566.002,BenignPositive,,,Mailbox,Impacted,98799,138268,360606,160396,15945,15813,15272,17306,153085,529644,,1631,635,860,2251,3421,881,,289573,117668,3586,,,5,66,,,Malicious,242,1445,10630
807453853692,49,188657,706543,2024-06-07T15:41:39.000Z,2,2,CommandAndControl,,TruePositive,,,Machine,Impacted,14278,138268,360606,160396,441377,673934,425863,453297,19659,529644,,1631,635,860,2251,3421,881,,289573,117668,3586,,,0,0,,Suspicious,Suspicious,242,1445,10630
455266535146,0,1269,512051,2024-06-02T18:33:01.000Z,7,6,InitialAccess,,TruePositive,,,User,Impacted,98799,138268,360606,160396,2182,2899,2199,2305,153085,529644,,1631,635,860,2251,3421,881,,289573,117668,3586,,,5,66,,,,242,1445,10630
214748368522,148,4359,188059,2024-06-14T23:34:28.000Z,9,74,Execution,,TruePositive,,,File,Related,98799,138268,360606,160396,441377,673934,425863,453297,153085,529644,,1631,635,860,2251,3421,881,,36683,117668,3586,,,5,66,,,,242,1445,10630
850403526364,429,29543,568749,2024-06-07T19:13:06.000Z,5,225,SuspiciousActivity,,BenignPositive,,,Ip,Related,98799,138268,7790,160396,441377,673934,425863,453297,153085,529644,,1631,635,860,2251,3421,881,,289573,117668,3586,,Contextual,5,66,,,,242,1445,10630
962072677387,124,94376,347013,2024-06-12T09:24:18.000Z,9,64,Execution,,FalsePositive,,,File,Related,98799,138268,360606,160396,441377,673934,425863,453297,153085,529644,,1631,635,860,2251,3421,881,,71,117668,3586,,,5,66,,,,242,1445,10630
438086668241,20,1272,113,2024-05-31T04:15:57.000Z,79,423,Impact,,BenignPositive,,,Ip,Related,98799,138268,2990,160396,441377,673934,425863,453297,153085,529644,,1631,635,860,2251,3421,881,,289573,117668,3586,,,5,66,,,,242,1445,10630
1331439865697,12,1566,1310,2024-06-01T12:36:26.000Z,16,146,Impact,,BenignPositive,,,Ip,Related,98799,138268,3921,160396,441377,673934,425863,453297,153085,529644,,1631,635,860,2251,3421,881,,289573,117668,3586,,,5,66,,,,242,1445,10630
781684048498,17,56607,46898,2024-06-07T14:16:27.000Z,20,988,Exfiltration,,FalsePositive,,,File,Impacted,98799,138268,360606,160396,441377,673934,425863,453297,153085,529644,,1631,635,860,2251,3421,881,,166,147,3586,,,5,66,,,,242,1445,10630
901943133205,56,277991,484218,2024-06-07T05:04:50.000Z,261,251,LateralMovement,T1550;T1550.003,FalsePositive,,,User,Impacted,98799,138268,360606,160396,384993,596279,317460,406973,153085,529644,,1631,635,860,2251,3421,881,,289573,117668,3586,,Suspicious,5,66,,,,242,1445,10630
523986011556,911,138617,732711,2024-06-14T19:45:05.000Z,36,1021,SuspiciousActivity,,FalsePositive,,,Url,Related,98799,138268,360606,45723,441377,673934,425863,453297,153085,529644,,1631,635,860,2251,3421,881,,289573,117668,3586,,,5,66,,Suspicious,Suspicious,242,1445,10630
1597727835819,84,229,22087,2024-06-05T12:48:36.000Z,68,413,Exfiltration,,TruePositive,,,File,Impacted,98799,520,360606,160396,441377,673934,425863,453297,153085,529644,,1631,635,860,2251,3421,881,,576,465,3586,,,5,66,,,,242,1445,10630
8589939525,4,202,436,2024-05-25T16:22:53.000Z,8,7,InitialAccess,T1133,FalsePositive,,,Machine,Impacted,98799,138268,360606,160396,441377,673934,425863,453297,234,529644,,1631,635,860,2251,3421,881,,289573,117668,3586,,,5,66,,,,242,1445,10630
1022202218101,1,376,125798,2024-06-04T13:21:52.000Z,14,12,CredentialAccess,T1110;T1110.003;T1110.001,TruePositive,,,Ip,Related,98799,138268,27,160396,441377,673934,425863,453297,153085,529644,,1631,635,860,2251,3421,881,,289573,117668,3586,,,5,66,,,,31,6,3
292057780552,281,62526,226088,2024-06-12T15:38:21.000Z,1,1,InitialAccess,T1566.002,BenignPositive,,,MailMessage,Related,98799,138268,360606,160396,441377,24460,425863,453297,153085,85647,,1631,635,860,2251,3421,881,,289573,117668,3586,,,5,66,Inbound,,Malicious,242,1445,10630
1683627184024,57,19967,35824,2024-06-06T09:36:26.000Z,46,15132,Exfiltration,,BenignPositive,,,File,Impacted,98799,138268,360606,160396,441377,673934,425863,453297,153085,529644,,1631,635,860,2251,3421,881,,31820,10281,3586,,,5,66,,,,242,1445,10630
523986011801,1,481,498736,2024-06-06T21:23:52.000Z,0,0,InitialAccess,T1078;T1078.004,TruePositive,,,Ip,Related,98799,138268,38,160396,441377,673934,425863,453297,153085,529644,,1631,635,860,2251,3421,881,,289573,117668,3586,,,5,66,,,,1,0,0
206158432163,3599,67203,952606,2024-06-03T22:39:52.000Z,19,15,InitialAccess,,FalsePositive,,,CloudLogonRequest,Related,98799,138268,360606,160396,441377,673934,425863,453297,153085,529644,,1631,635,860,2251,3421,881,,289573,117668,3586,,,5,66,,,,242,1445,10630
1340029799302,55,12483,68220,2024-06-10T01:39:41.000Z,1,1,InitialAccess,T1566.002,TruePositive,,,Mailbox,Impacted,98799,138268,360606,160396,47038,41655,44544,47050,153085,529644,,1631,635,860,2251,3421,881,,289573,117668,3586,,,5,66,,,Malicious,242,1445,10630
1030792152745,7,156,209,2024-05-24T06:57:56.000Z,22,10,Impact,,FalsePositive,,,Ip,Related,98799,138268,1522,160396,441377,673934,425863,453297,153085,529644,,1631,635,860,2251,3421,881,,289573,117668,3586,,,5,66,,,,242,1445,10630
1039382085632,25,216,78327,2024-06-03T09:07:14.000Z,30,22809,Exfiltration,,BenignPositive,,,MailMessage,Impacted,98799,138268,360606,160396,441377,85835,425863,453297,153085,14625,,1631,635,860,2251,3421,881,,289573,117668,3586,,,5,66,,,,242,1445,10630
979252548043,9,201,210656,2024-06-14T00:41:06.000Z,94,34361,Exfiltration,,BenignPositive,,,Ip,Related,98799,138268,96,160396,441377,673934,425863,453297,153085,529644,,1631,635,860,2251,3421,881,,289573,117668,3586,,,5,66,,,,242,1445,10630
712964574398,928,58254,1535702,2024-05-31T01:04:03.000Z,195,168,SuspiciousActivity,,TruePositive,,,User,Impacted,98799,138268,360606,160396,58652,106983,58386,67134,153085,529644,,1631,635,860,2251,3421,881,,289573,117668,3586,,Compromised,5,66,,,Suspicious,242,1445,10630
42949674613,7,2930,594,2024-05-26T12:47:27.000Z,21,825,Impact,,FalsePositive,,,Ip,Related,98799,138268,2525,160396,441377,673934,425863,453297,153085,529644,,1631,635,860,2251,3421,881,,289573,117668,3586,,,5,66,,,,242,1445,10630
1614907706843,2,7257,5804,2024-06-10T07:52:16.000Z,15,13,Exfiltration,,BenignPositive,,,File,Impacted,98799,138268,360606,160396,441377,673934,425863,453297,153085,529644,,1631,635,860,2251,3421,881,,31811,8318,3586,,,5,66,,,,242,1445,10630
1709396985490,26,1583,803618,2024-06-12T17:00:16.000Z,2480,7575,SuspiciousActivity,,BenignPositive,,,Process,Related,98799,78,360606,160396,441377,673934,425863,453297,153085,529644,,1631,635,860,2251,3421,881,,7,0,3586,,,5,66,,,,242,1445,10630
841813593546,681,9850,130646,2024-06-06T10:56:25.000Z,107,812,DefenseEvasion,,FalsePositive,,,File,Related,98799,4377,360606,160396,441377,673934,425863,453297,153085,529644,,1631,635,860,2251,3421,881,AskToolbar,5123,101871,3586,,,5,66,,Suspicious,Suspicious,242,1445,10630
1108101566487,24,467019,569773,2024-06-07T21:29:15.000Z,5,21,SuspiciousActivity,,TruePositive,,,Ip,Related,98799,138268,4530,160396,441377,673934,425863,453297,153085,529644,,1631,635,860,2251,3421,881,,289573,117668,3586,,Contextual,5,66,,,,242,1445,10630
1288490192757,14,550,1153448,2024-06-09T19:07:18.000Z,169,138,SuspiciousActivity,T1595,BenignPositive,,,User,Impacted,98799,138268,360606,160396,36,673934,425863,39,153085,529644,,1631,635,860,2251,3421,881,,289573,117668,3586,,,5,66,,,,242,1445,10630
455266535024,1,41,997266,2024-06-10T05:40:21.000Z,4,3,InitialAccess,,TruePositive,,,Ip,Related,98799,138268,5550,160396,441377,673934,425863,453297,153085,529644,,1631,635,860,2251,3421,881,,289573,117668,3586,,,5,66,,,,0,3,20
858993463216,20,1694,1513,2024-06-01T19:02:43.000Z,59,10,Impact,,BenignPositive,,,Ip,Related,98799,138268,836,160396,441377,673934,425863,453297,153085,529644,,1631,635,860,2251,3421,881,,289573,117668,3586,,,5,66,,,,242,1445,10630
1563368096334,837,507331,1176646,2024-06-06T08:04:56.000Z,19,15,InitialAccess,,FalsePositive,,,User,Impacted,98799,138268,360606,160396,441377,673934,198790,453297,153085,529644,,1631,635,860,2251,3421,881,,289573,117668,3586,,,5,66,,,,242,1445,10630
601295424398,50,0,319591,2024-06-15T06:25:50.000Z,7,6,InitialAccess,,TruePositive,,,Ip,Related,98799,138268,57394,160396,441377,673934,425863,453297,153085,529644,,1631,635,860,2251,3421,881,,289573,117668,3586,,,5,66,,,,53,93,93
695784703583,400,3945,631034,2024-06-03T19:59:59.000Z,407,431,Execution,T1053;T1176,BenignPositive,,,Machine,Impacted,133,138268,360606,160396,441377,673934,425863,453297,865,529644,,1631,635,860,2251,3421,881,,289573,117668,3586,,,2,3,,Suspicious,Suspicious,242,1445,10630
850403524934,379,700,2262,2024-06-05T19:28:29.000Z,28,19,InitialAccess,T1566,FalsePositive,,,MailMessage,Related,98799,138268,360606,160396,441377,41373,425863,453297,153085,18300,,1631,635,860,2251,3421,881,,289573,117668,3586,,,5,66,Inbound,,NoThreatsFound,242,1445,10630
34359740655,13,275205,652942,2024-06-06T15:03:36.000Z,288,34940,Exfiltration,,BenignPositive,,,MailMessage,Impacted,98799,138268,360606,160396,441377,186726,425863,453297,153085,41490,,1631,635,860,2251,3421,881,,289573,117668,3586,,,5,66,,,,242,1445,10630
962072675584,480,141715,649444,2024-06-05T18:35:27.000Z,1375,45438,Exfiltration,,BenignPositive,,,User,Impacted,98799,138268,360606,160396,198314,205452,198438,51540,153085,529644,,1631,635,860,2251,3421,881,,289573,117668,3586,,,5,66,,,,242,1445,10630
910533070873,24,65820,42105,2024-06-09T07:38:39.000Z,1,1,InitialAccess,T1566.002,TruePositive,,,MailMessage,Related,98799,138268,360606,160396,441377,16693,425863,453297,153085,152000,,1631,635,860,2251,3421,881,,289573,117668,3586,,,5,66,,,,242,1445,10630
1357209666147,17,36028,27955,2024-06-04T15:50:33.000Z,20,2355,Exfiltration,,FalsePositive,,,File,Impacted,98799,138268,360606,160396,441377,673934,425863,453297,153085,529644,,1631,635,860,2251,3421,881,,1708,1274,3586,,,5,66,,,,242,1445,10630
1623497643022,200,111072,678711,2024-06-05T15:08:11.000Z,261,251,LateralMovement,T1550;T1550.003,FalsePositive,,,Machine,Related,98799,138268,360606,160396,441377,673934,425863,453297,19170,529644,,1631,635,860,2251,3421,881,,289573,117668,3586,,,5,66,,,,242,1445,10630
1176821043239,20,1979,1474,2024-05-27T00:28:20.000Z,79,89,Impact,,FalsePositive,,,Ip,Related,98799,138268,321,160396,441377,673934,425863,453297,153085,529644,,1631,635,860,2251,3421,881,,289573,117668,3586,,,5,66,,,,242,1445,10630
1374389536545,0,267,182782,2024-06-08T09:08:39.000Z,0,0,InitialAccess,T1078;T1078.004,TruePositive,,,CloudLogonRequest,Related,98799,138268,360606,160396,441377,673934,425863,453297,153085,529644,,1631,635,860,2251,3421,881,,289573,117668,3586,,,5,66,,,,242,1445,10630
1554778163795,40,272452,684528,2024-06-03T10:08:50.000Z,2,2,CommandAndControl,,BenignPositive,,,Url,Related,98799,138268,360606,951,441377,673934,425863,453297,153085,529644,,1631,635,860,2251,3421,881,,289573,117668,3586,,,5,66,,Suspicious,Suspicious,242,1445,10630
1133871366178,6,1590,1255,2024-05-26T00:05:07.000Z,17,58,Impact,,BenignPositive,,,Ip,Related,98799,138268,833,160396,441377,673934,425863,453297,153085,529644,,1631,635,860,2251,3421,881,,289573,117668,3586,,,5,66,,,,242,1445,10630
523986010705,58,819,218872,2024-06-04T20:25:42.000Z,11,9,InitialAccess,T1566,FalsePositive,,,User,Impacted,98799,138268,360606,160396,31982,33297,32266,27617,153085,529644,,1631,635,860,2251,3421,881,,289573,117668,3586,,,5,66,,,,242,1445,10630
816043789908,3632,85000,957256,2024-06-12T14:21:05.000Z,0,0,InitialAccess,T1078;T1078.004,FalsePositive,,,Ip,Related,98799,138268,164486,160396,441377,673934,425863,453297,153085,529644,,1631,635,860,2251,3421,881,,289573,117668,3586,,,5,66,,,,6,19,693
128849020179,44,14631,5176,2024-06-12T00:23:04.000Z,50,36,Exfiltration,,BenignPositive,,,MailMessage,Impacted,98799,138268,360606,160396,441377,557,425863,453297,153085,152364,,1631,635,860,2251,3421,881,,289573,117668,3586,,,5,66,,,,242,1445,10630
1073741828573,607,597,1675,2024-06-10T21:09:48.000Z,127,108,SuspiciousActivity,T1586,TruePositive,,,MailMessage,Related,98799,138268,360606,160396,441377,262700,425863,453297,153085,170,,1631,635,860,2251,3421,881,,289573,117668,3586,,,5,66,,,,242,1445,10630
403726926269,79,747,207697,2024-06-14T03:21:44.000Z,56,40,CredentialAccess,T1003;T1012;T1552.002,FalsePositive,,,RegistryKey,Related,98799,138268,360606,160396,441377,673934,425863,453297,153085,529644,,0,635,860,2251,3421,881,,289573,117668,3586,,,5,66,,Suspicious,Suspicious,242,1445,10630
25769805405,1,529,73023,2024-06-03T14:34:34.000Z,0,0,InitialAccess,T1078;T1078.004,TruePositive,,,CloudLogonRequest,Related,98799,138268,360606,160396,441377,673934,425863,453297,153085,529644,,1631,635,860,2251,3421,881,,289573,117668,3586,,,5,66,,,,242,1445,10630
1632087575950,534,25045,1053730,2024-06-05T06:46:07.000Z,0,0,InitialAccess,T1078;T1078.004,FalsePositive,,,User,Impacted,98799,138268,360606,160396,10910,16855,10691,11621,153085,529644,,1631,635,860,2251,3421,881,,289573,117668,3586,,,5,66,,,,242,1445,10630
1279900255007,494,54333,50490,2024-06-09T02:19:05.000Z,1,1,InitialAccess,T1566.002,BenignPositive,,,Mailbox,Impacted,98799,138268,360606,160396,42668,40318,43135,50231,153085,529644,,1631,635,860,2251,3421,881,,289573,117668,3586,,,5,66,,,Malicious,242,1445,10630
8589935858,448,114254,894793,2024-06-04T07:20:28.000Z,0,0,InitialAccess,T1078;T1078.004,FalsePositive,,,Ip,Related,98799,138268,230241,160396,441377,673934,425863,453297,153085,529644,,1631,635,860,2251,3421,881,,289573,117668,3586,,,5,66,,,,25,535,9691
1692217119134,53,1121,1297,2024-06-09T07:39:56.000Z,177,141,InitialAccess,T1190,FalsePositive,,,Ip,Related,98799,138268,233133,160396,441377,673934,425863,453297,153085,529644,,1631,635,860,2251,3421,881,,289573,117668,3586,,,5,66,,,,242,1445,10630
1554778163817,40,41703,129582,2024-06-10T21:17:48.000Z,36,100,CredentialAccess,,BenignPositive,,,Process,Related,98799,1,360606,160396,441377,673934,425863,453297,153085,529644,,1631,635,860,2251,3421,881,,1,1,3586,,,5,66,,Suspicious,Suspicious,242,1445,10630
798863918346,215,98854,139464,2024-06-09T00:19:51.000Z,1,1,InitialAccess,T1566.002,BenignPositive,,,MailMessage,Related,98799,138268,360606,160396,441377,124212,425863,453297,153085,110783,,1631,635,860,2251,3421,881,,289573,117668,3586,,,5,66,,,,242,1445,10630
1468878818720,2,3528,3295,2024-06-04T15:36:47.000Z,18,14,Exfiltration,,BenignPositive,,,MailMessage,Impacted,98799,138268,360606,160396,441377,5,425863,453297,153085,18572,,1631,635,860,2251,3421,881,,289573,117668,3586,,,5,66,,,,242,1445,10630
214748367509,8,9176,110063,2024-06-13T01:04:01.000Z,3,4,SuspiciousActivity,,TruePositive,,,Machine,Impacted,21,138268,360606,160396,441377,673934,425863,453297,26,529644,,1631,635,860,2251,3421,881,,289573,117668,3586,,,5,66,,Suspicious,Suspicious,242,1445,10630
163208761028,72,242,1034823,2024-06-04T12:43:58.000Z,4,3,InitialAccess,,TruePositive,,,User,Impacted,98799,138268,360606,160396,108937,193611,118284,118147,153085,529644,,1631,635,860,2251,3421,881,,289573,117668,3586,,,5,66,,,,242,1445,10630
1331439863612,0,89,976630,2024-06-08T01:18:42.000Z,0,0,InitialAccess,T1078;T1078.004,TruePositive,,,User,Impacted,98799,138268,360606,160396,1426,1958,1427,1511,153085,529644,,1631,635,860,2251,3421,881,,289573,117668,3586,,,5,66,,,,242,1445,10630
1245540520650,91,628,211818,2024-06-04T02:13:22.000Z,886,13536,Exfiltration,,BenignPositive,,,File,Impacted,98799,138268,360606,160396,441377,673934,425863,453297,153085,529644,,1631,635,860,2251,3421,881,,12098,8095,3586,,,5,66,,,,242,1445,10630
377957122554,77,111425,95641,2024-06-14T11:13:23.000Z,1,1,InitialAccess,T1566.002,BenignPositive,,,MailMessage,Related,98799,138268,360606,160396,441377,129853,425863,453297,153085,175187,,1631,635,860,2251,3421,881,,289573,117668,3586,,,5,66,,,,242,1445,10630
188978565640,155,59,951722,2024-06-10T04:24:18.000Z,0,0,InitialAccess,T1078;T1078.004,TruePositive,,,CloudLogonRequest,Related,98799,138268,360606,160396,441377,673934,425863,453297,153085,529644,,1631,635,860,2251,3421,881,,289573,117668,3586,,,5,66,,,,242,1445,10630
352187322539,30,245383,479126,2024-06-06T20:39:25.000Z,37,55717,Exfiltration,,FalsePositive,,,MailMessage,Impacted,98799,138268,360606,160396,441377,397751,425863,453297,153085,501307,,1631,635,860,2251,3421,881,,289573,117668,3586,,,5,66,,,,242,1445,10630
137438956859,2,13686,4238,2024-06-06T10:39:17.000Z,15,13,Exfiltration,,BenignPositive,,,MailMessage,Impacted,98799,138268,360606,160396,441377,10,425863,453297,153085,17940,,1631,635,860,2251,3421,881,,289573,117668,3586,,,5,66,,,,242,1445,10630
1563368098444,8,114109,158845,2024-06-10T00:27:47.000Z,1,1,InitialAccess,T1566.002,TruePositive,,,User,Impacted,98799,138268,360606,160396,8217,6023,8228,8510,153085,529644,,1631,635,860,2251,3421,881,,289573,117668,3586,,,5,66,,,,242,1445,10630
867583397937,24,161102,223654,2024-06-09T20:33:23.000Z,1,1,InitialAccess,T1566.002,TruePositive,,,MailCluster,Related,98799,138268,360606,160396,441377,673934,425863,453297,153085,529644,,1631,635,860,2251,3421,881,,289573,117668,3586,,,5,66,,,Malicious,242,1445,10630
1211180779269,84,143312,44286,2024-06-05T14:26:34.000Z,68,3656,Exfiltration,,TruePositive,,,Ip,Related,98799,138268,85413,160396,441377,673934,425863,453297,153085,529644,,1631,635,860,2251,3421,881,,289573,117668,3586,,,5,66,,,,242,1445,10630
1279900254810,1449,16924,1563309,2024-06-11T18:47:53.000Z,5,278,SuspiciousActivity,,BenignPositive,,,CloudApplication,Impacted,98799,138268,360606,160396,441377,673934,425863,453297,153085,529644,,1631,635,860,7,7,881,,289573,117668,3586,,,5,66,,,,242,1445,10630
1013612285326,2,34948,9803,2024-06-04T20:49:30.000Z,42,27,Exfiltration,,BenignPositive,,,User,Impacted,98799,138268,360606,160396,14074,4133,13944,15155,153085,529644,,1631,635,860,2251,3421,881,,289573,117668,3586,,,5,66,,,,242,1445,10630
420906796303,117,71,901940,2024-06-06T03:50:35.000Z,19,15,InitialAccess,,TruePositive,,,User,Impacted,98799,138268,360606,160396,6007,8564,6010,6415,153085,529644,,1631,635,860,2251,3421,881,,289573,117668,3586,,,5,66,,,,242,1445,10630
163208758858,21,162050,196166,2024-06-07T00:24:30.000Z,3,4,SuspiciousActivity,,BenignPositive,,,Url,Related,98799,138268,360606,1364,441377,673934,425863,453297,153085,529644,,1631,635,860,2251,3421,881,,289573,117668,3586,,,5,66,,,,242,1445,10630
1202590845283,48,445260,1476688,2024-06-05T00:54:41.000Z,645,863,InitialAccess,,BenignPositive,,,Mailbox,Impacted,98799,138268,360606,160396,243,176,235,270,153085,529644,,1631,635,860,2251,3421,881,,289573,117668,3586,,,5,66,,,,242,1445,10630
532575946483,0,370,126001,2024-06-13T17:51:08.000Z,7,6,InitialAccess,,TruePositive,,,CloudLogonRequest,Related,98799,138268,360606,160396,441377,673934,425863,453297,153085,529644,,1631,635,860,2251,3421,881,,289573,117668,3586,,,5,66,,,,242,1445,10630
1228360649110,5,306,103765,2024-06-05T08:27:52.000Z,4,3,InitialAccess,,TruePositive,,,CloudLogonRequest,Related,98799,138268,360606,160396,441377,673934,425863,453297,153085,529644,,1631,635,860,2251,3421,881,,289573,117668,3586,,,5,66,,,,242,1445,10630
1159641172432,5,10916,104721,2024-06-10T18:52:44.000Z,0,0,InitialAccess,T1078;T1078.004,TruePositive,,,CloudLogonRequest,Related,98799,138268,360606,160396,441377,673934,425863,453297,153085,529644,,1631,635,860,2251,3421,881,,289573,117668,3586,,,5,66,,,,242,1445,10630
1374389535823,125,53703,44363,2024-06-11T14:04:44.000Z,313,8298,Exfiltration,,BenignPositive,,,MailMessage,Impacted,98799,138268,360606,160396,441377,237766,425863,453297,153085,3988,,1631,635,860,2251,3421,881,,289573,117668,3586,,,5,66,,,,242,1445,10630
1271310320953,623,24940,67679,2024-06-15T03:34:15.000Z,1,1,InitialAccess,T1566.002,BenignPositive,,,MailMessage,Related,98799,138268,360606,160396,441377,271540,425863,453297,153085,356247,,1631,635,860,2251,3421,881,,289573,117668,3586,,,5,66,,,,242,1445,10630
1468878817949,8,18814,607295,2024-06-05T00:14:35.000Z,3,4,SuspiciousActivity,,TruePositive,,,User,Impacted,98799,138268,360606,160396,1143,1567,1141,1206,153085,529644,,1631,635,860,2251,3421,881,,289573,117668,3586,,,5,66,,Suspicious,Suspicious,242,1445,10630
1056561956622,0,90,1346782,2024-06-07T07:38:28.000Z,14,12,CredentialAccess,T1110;T1110.003;T1110.001,TruePositive,,,Ip,Related,98799,138268,14,160396,441377,673934,425863,453297,153085,529644,,1631,635,860,2251,3421,881,,289573,117668,3586,,,5,66,,,,14,32,30
1511828492912,616,30164,67931,2024-06-05T11:09:52.000Z,1,1,InitialAccess,T1566.002,BenignPositive,,,Url,Related,98799,138268,360606,66589,441377,673934,425863,453297,153085,529644,,1631,635,860,2251,3421,881,,289573,117668,3586,,,5,66,,,NoThreatsFound,242,1445,10630
163208757385,11,402828,982637,2024-06-04T10:39:02.000Z,0,0,InitialAccess,T1078;T1078.004,FalsePositive,,,CloudLogonSession,Related,98799,138268,360606,160396,441377,673934,425863,453297,153085,529644,,1631,635,860,2251,3421,881,,289573,117668,3586,,,5,66,,,,242,1445,10630
1614907705411,49,291700,739616,2024-06-04T15:50:03.000Z,2,2,CommandAndControl,,TruePositive,,,Url,Related,98799,138268,360606,21,441377,673934,425863,453297,153085,529644,,1631,635,860,2251,3421,881,,289573,117668,3586,,,5,66,,Suspicious,Suspicious,242,1445,10630
987842481148,55,59179,36656,2024-06-16T23:43:45.000Z,1,1,InitialAccess,T1566.002,TruePositive,,,Url,Related,98799,138268,360606,38678,441377,673934,425863,453297,153085,529644,,1631,635,860,2251,3421,881,,289573,117668,3586,,,5,66,,,Malicious,242,1445,10630
764504179004,1389,27643,80486,2024-06-10T22:05:19.000Z,6,5,InitialAccess,T1566,BenignPositive,,,Mailbox,Impacted,98799,138268,360606,160396,11384,8743,11411,12125,153085,529644,,1631,635,860,2251,3421,881,,289573,117668,3586,,,5,66,,,NoThreatsFound,242,1445,10630
137438954088,17,309937,32524,2024-06-06T17:21:54.000Z,20,13750,Exfiltration,,FalsePositive,,,User,Impacted,98799,138268,360606,160396,338,452,330,363,153085,529644,,1631,635,860,2251,3421,881,,289573,117668,3586,,,5,66,,,,242,1445,10630
1503238558079,92,82262,765013,2024-06-03T02:47:20.000Z,2,2,CommandAndControl,,BenignPositive,,,Url,Related,98799,138268,360606,28,441377,673934,425863,453297,153085,529644,,1631,635,860,2251,3421,881,,289573,117668,3586,,,5,66,,Suspicious,Suspicious,242,1445,10630
188978565673,9,281,23689,2024-06-14T09:26:07.000Z,77,10623,Exfiltration,,BenignPositive,,,File,Impacted,98799,17544,360606,160396,441377,673934,425863,453297,153085,529644,,1631,635,860,2251,3421,881,,50875,3122,3586,,,5,66,,,,242,1445,10630
326417516448,131,68773,1018527,2024-06-05T05:26:51.000Z,0,0,InitialAccess,T1078;T1078.004,FalsePositive,,,Ip,Related,98799,138268,166720,160396,441377,673934,425863,453297,153085,529644,,1631,635,860,2251,3421,881,,289573,117668,3586,,,5,66,,,,20,20,22
1348619733421,5,42,412021,2024-06-11T07:02:35.000Z,4,3,InitialAccess,,TruePositive,,,CloudLogonRequest,Related,98799,138268,360606,160396,441377,673934,425863,453297,153085,529644,,1631,635,860,2251,3421,881,,289573,117668,3586,,,5,66,,,,242,1445,10630
1597727837376,3712,53233,973636,2024-06-06T19:53:47.000Z,0,0,InitialAccess,T1078;T1078.004,FalsePositive,,,Ip,Related,98799,138268,359205,160396,441377,673934,425863,453297,153085,529644,,1631,635,860,2251,3421,881,,289573,117668,3586,,,5,66,,,,0,73,6608
1434519080911,24,132074,343782,2024-06-09T23:18:10.000Z,5,21,SuspiciousActivity,,BenignPositive,,,User,Impacted,98799,138268,360606,160396,839,1141,835,896,153085,529644,,1631,635,860,2251,3421,881,,289573,117668,3586,,,5,66,,,,242,1445,10630
438086665839,7,175,974,2024-05-26T22:23:39.000Z,21,51,Impact,,FalsePositive,,,Ip,Related,98799,138268,11345,160396,441377,673934,425863,453297,153085,529644,,1631,635,860,2251,3421,881,,289573,117668,3586,,,5,66,,,,242,1445,10630
128849018904,6,2062,1150,2024-05-23T03:16:10.000Z,17,183,Impact,,BenignPositive,,,Ip,Related,98799,138268,659,160396,441377,673934,425863,453297,153085,529644,,1631,635,860,2251,3421,881,,289573,117668,3586,,,5,66,,,,242,1445,10630
360777254628,0,560,72465,2024-06-04T08:56:52.000Z,0,0,InitialAccess,T1078;T1078.004,TruePositive,,,User,Impacted,98799,138268,360606,160396,218,303,210,245,153085,529644,,1631,635,860,2251,3421,881,,289573,117668,3586,,,5,66,,,,242,1445,10630
360777256938,194,511,672186,2024-06-05T20:18:19.000Z,137,116,Impact,T1485,BenignPositive,,,Ip,Related,98799,138268,24,160396,441377,673934,425863,453297,153085,529644,,1631,635,860,2251,3421,881,,289573,117668,3586,,,5,66,,,,242,1445,10630
1374389537640,75,56,1193798,2024-06-10T06:41:48.000Z,7,6,InitialAccess,,TruePositive,,,User,Impacted,98799,138268,360606,160396,35324,56981,35248,37846,153085,529644,,1631,635,860,2251,3421,881,,289573,117668,3586,,,5,66,,,,242,1445,10630
1065151892813,393,1472,382682,2024-06-11T07:10:24.000Z,4,3,InitialAccess,,TruePositive,,,Ip,Related,98799,138268,16834,160396,441377,673934,425863,453297,153085,529644,,1631,635,860,2251,3421,881,,289573,117668,3586,,,5,66,,,,0,31,114
523986011928,0,99,970282,2024-06-12T12:37:28.000Z,0,0,InitialAccess,T1078;T1078.004,TruePositive,,,User,Impacted,98799,138268,360606,160396,4902,6834,4904,5221,153085,529644,,1631,635,860,2251,3421,881,,289573,117668,3586,,,5,66,,,,242,1445,10630
910533070994,420,105000,159990,2024-06-05T16:42:51.000Z,329,326,Discovery,T1087;T1087.002,TruePositive,,,User,Impacted,98799,138268,360606,160396,27196,673934,425863,10630,153085,529644,,1631,635,860,2251,3421,881,,289573,117668,3586,,Destination,5,66,,,,242,1445,10630
506806143642,8,44501,729435,2024-06-12T21:50:37.000Z,3,4,SuspiciousActivity,,TruePositive,,,Ip,Related,98799,138268,96573,160396,441377,673934,425863,453297,153085,529644,,1631,635,860,2251,3421,881,,289573,117668,3586,,,5,66,,Suspicious,Suspicious,242,1445,10630
1185410973735,6,11411,421408,2024-06-08T12:20:04.000Z,3,4,SuspiciousActivity,,BenignPositive,,,Process,Related,98799,2,360606,160396,441377,673934,425863,453297,153085,529644,,1631,635,860,2251,3421,881,,1,1,3586,,,5,66,,Suspicious,Suspicious,242,1445,10630
1529008361985,270,161714,112786,2024-06-12T18:22:25.000Z,157,3131,Exfiltration,,BenignPositive,,,User,Impacted,98799,138268,360606,160396,19864,31834,19441,21161,153085,529644,,1631,635,860,2251,3421,881,,289573,117668,3586,,,5,66,,,,242,1445,10630
1056561957332,28,24215,22607,2024-06-03T14:03:43.000Z,1,1,InitialAccess,T1566.002,TruePositive,,,MailCluster,Related,98799,138268,360606,160396,441377,673934,425863,453297,153085,529644,4265727385.0,1631,635,860,2251,3421,881,,289573,117668,3586,,,5,66,,,Malicious,242,1445,10630
1657857381241,398,128248,1137594,2024-06-10T20:57:34.000Z,789,1079,InitialAccess,T1566,TruePositive,,,User,Impacted,98799,138268,360606,160396,140146,156565,168965,144996,153085,529644,,1631,635,860,2251,3421,881,,289573,117668,3586,,,5,66,,,,242,1445,10630
798863920638,475,73463,157416,2024-06-09T05:16:44.000Z,1,1,InitialAccess,T1566.002,TruePositive,,,User,Impacted,98799,138268,360606,160396,130132,126920,154386,141200,153085,529644,,1631,635,860,2251,3421,881,,289573,117668,3586,,,5,66,,,,242,1445,10630
970662609528,17,368271,1119458,2024-06-12T16:36:32.000Z,20,398,Exfiltration,,FalsePositive,,,Ip,Related,98799,138268,355,160396,441377,673934,425863,453297,153085,529644,,1631,635,860,2251,3421,881,,289573,117668,3586,,,5,66,,,,242,1445,10630
1451698947066,891,9355,237340,2024-06-13T00:21:05.000Z,6,5,InitialAccess,T1566,FalsePositive,,,MailMessage,Related,98799,138268,360606,160396,441377,29415,425863,453297,153085,33486,,1631,635,860,2251,3421,881,,289573,117668,3586,,,5,66,,,,242,1445,10630
300647711718,56,20489,144010,2024-06-08T20:09:49.000Z,222,199,CommandAndControl,T1055;T1105,BenignPositive,,,Ip,Related,98799,138268,2544,160396,441377,673934,425863,453297,153085,529644,,1631,635,860,2251,3421,881,,289573,117668,3586,,,5,66,,Suspicious,Suspicious,242,1445,10630
1494648621632,371,1325,7874,2024-06-05T23:00:37.000Z,66,48,InitialAccess,,TruePositive,,,Mailbox,Impacted,98799,138268,360606,160396,4351,5276,4324,4622,153085,529644,,1631,635,860,2251,3421,881,,289573,117668,3586,,,5,66,,,Malicious,242,1445,10630
335007452396,59,319532,702342,2024-06-06T22:11:39.000Z,2,2,CommandAndControl,,BenignPositive,,,Process,Related,98799,0,360606,160396,441377,673934,425863,453297,153085,529644,,1631,635,860,2251,3421,881,,0,4,3586,,,5,66,,Suspicious,Suspicious,242,1445,10630
953482740979,117,512535,540383,2024-06-04T03:14:54.000Z,0,0,InitialAccess,T1078;T1078.004,TruePositive,,,User,Impacted,98799,138268,360606,160396,699,937,692,747,153085,529644,,1631,635,860,2251,3421,881,,289573,117668,3586,,,5,66,,,,242,1445,10630
1451698949933,14,3843,2875,2024-05-22T06:08:00.000Z,29,20,Impact,,TruePositive,,,Ip,Related,98799,138268,1399,160396,441377,673934,425863,453297,153085,529644,,1631,635,860,2251,3421,881,,289573,117668,3586,,,5,66,,,,242,1445,10630
927712936718,130,132901,138382,2024-06-10T01:49:52.000Z,1,1,InitialAccess,T1566.002,TruePositive,,,Mailbox,Impacted,98799,138268,360606,160396,21757,18419,21974,23650,153085,529644,,1631,635,860,2251,3421,881,,289573,117668,3586,,,5,66,,,,242,1445,10630
1709396987937,86,586,256226,2024-06-05T18:34:41.000Z,2,2,CommandAndControl,,BenignPositive,,,User,Impacted,98799,138268,360606,160396,75115,116050,66290,79549,153085,529644,,1631,635,860,2251,3421,881,,289573,117668,3586,,,5,66,,Suspicious,Suspicious,242,1445,10630
240518169168,42,228,228789,2024-06-06T15:51:36.000Z,43,28,Malware,T1027;T1027.002;T1027.005;T1105;T1204.002,BenignPositive,,,Process,Related,98799,2255,360606,160396,441377,673934,425863,453297,153085,529644,,1631,635,860,2251,3421,881,,2599,10,3586,,,5,66,,Suspicious,Suspicious,242,1445,10630
1382979471619,52,4760,3291,2024-06-11T04:32:47.000Z,259,219,CommandAndControl,,BenignPositive,,,Url,Related,98799,138268,360606,125283,441377,673934,425863,453297,153085,529644,,1631,635,860,2251,3421,881,,289573,117668,3586,,,5,66,,,,242,1445,10630
1331439863612,0,89,1022496,2024-06-07T20:38:14.000Z,4,3,InitialAccess,,TruePositive,,,Ip,Related,98799,138268,12613,160396,441377,673934,425863,453297,153085,529644,,1631,635,860,2251,3421,881,,289573,117668,3586,,,5,66,,,,5,1445,10630
257698039607,0,4612,121933,2024-06-05T10:45:49.000Z,14,12,CredentialAccess,T1110;T1110.003;T1110.001,TruePositive,,,User,Impacted,98799,138268,360606,160396,3049,4085,3058,3219,153085,529644,,1631,635,860,2251,3421,881,,289573,117668,3586,,,5,66,,,,242,1445,10630
1297080125117,26,14139,62176,2024-06-09T23:12:33.000Z,85,63,Discovery,T1007;T1016;T1018;T1049;T1087;T1135,BenignPositive,,,Process,Related,98799,49,360606,160396,441377,673934,425863,453297,153085,529644,,1631,635,860,2251,3421,881,,41,14,3586,,,5,66,,Suspicious,Suspicious,242,1445,10630
687194771330,208,13607,19466,2024-06-12T20:16:41.000Z,114,92,CredentialAccess,T1003;T1005;T1119;T1539;T1550.004;T1552.001;T1555.003;T1555.004,BenignPositive,,,File,Related,98799,138268,360606,160396,441377,673934,425863,453297,153085,529644,,1631,635,860,2251,3421,881,,20,13811,3586,,,5,66,,Suspicious,Suspicious,242,1445,10630
1529008357958,317,225774,1534043,2024-06-03T14:00:23.000Z,25,17,InitialAccess,,BenignPositive,,,Mailbox,Impacted,98799,138268,360606,160396,51229,90580,56681,57640,153085,529644,,1631,635,860,2251,3421,881,,289573,117668,3586,,,5,66,,,,242,1445,10630
1065151891898,798,19035,519564,2024-06-09T08:14:57.000Z,0,0,InitialAccess,T1078;T1078.004,TruePositive,,,CloudLogonRequest,Related,98799,138268,360606,160396,441377,673934,425863,453297,153085,529644,,1631,635,860,2251,3421,881,,289573,117668,3586,,,5,66,,,,242,1445,10630
1700807052576,35,139,1232130,2024-06-09T09:30:59.000Z,19,15,InitialAccess,,TruePositive,,,Ip,Related,98799,138268,29,160396,441377,673934,425863,453297,153085,529644,,1631,635,860,2251,3421,881,,289573,117668,3586,,,5,66,,,,13,37,42
790273986967,71,33,598,2024-06-04T01:34:32.000Z,103,38,InitialAccess,,FalsePositive,,,Ip,Related,98799,138268,81255,160396,441377,673934,425863,453297,153085,529644,,1631,635,860,2251,3421,881,,289573,117668,3586,,,5,66,,,,242,1445,10630
1348619734109,228,33755,95352,2024-06-06T11:54:54.000Z,6,5,InitialAccess,T1566,BenignPositive,,,User,Impacted,98799,138268,360606,160396,40694,32170,39756,43780,153085,529644,,1631,635,860,2251,3421,881,,289573,117668,3586,,,5,66,,,,242,1445,10630
197568499533,14,198,162,2024-05-23T15:39:18.000Z,41,58,Impact,,TruePositive,,,Ip,Related,98799,138268,5098,160396,441377,673934,425863,453297,153085,529644,,1631,635,860,2251,3421,881,,289573,117668,3586,,,5,66,,,,242,1445,10630
326417519293,165,98496,694735,2024-06-12T15:32:02.000Z,2,2,CommandAndControl,,BenignPositive,,,Url,Related,98799,138268,360606,86810,441377,673934,425863,453297,153085,529644,,1631,635,860,2251,3421,881,,289573,117668,3586,,,5,66,,Suspicious,Suspicious,242,1445,10630
773094117072,3,112525,629612,2024-06-16T05:24:52.000Z,3,4,SuspiciousActivity,,BenignPositive,,,Process,Related,98799,20,360606,160396,441377,673934,425863,453297,153085,529644,,1631,635,860,2251,3421,881,,1,1,3586,,,5,66,,Suspicious,Suspicious,242,1445,10630
1683627183798,12,2451,1324,2024-05-21T18:29:08.000Z,16,41,Impact,,BenignPositive,,,Ip,Related,98799,138268,8218,160396,441377,673934,425863,453297,153085,529644,,1631,635,860,2251,3421,881,,289573,117668,3586,,,5,66,,,,242,1445,10630
1056561956374,32,840,88355,2024-06-06T22:15:55.000Z,3,4,SuspiciousActivity,,BenignPositive,,,Ip,Related,98799,138268,56654,160396,441377,673934,425863,453297,153085,529644,,1631,635,860,2251,3421,881,,289573,117668,3586,,,5,66,,Suspicious,Suspicious,242,1445,10630
1451698947428,149,69564,759981,2024-06-16T04:00:20.000Z,2,2,CommandAndControl,,BenignPositive,,,Machine,Impacted,15376,138268,360606,160396,441377,673934,425863,453297,21529,529644,,1631,635,860,2251,3421,881,,289573,117668,3586,,,0,0,,Suspicious,Suspicious,242,1445,10630
1623497638934,848,25694,1466577,2024-06-13T17:34:15.000Z,25,17,InitialAccess,,TruePositive,,,User,Impacted,98799,138268,360606,160396,9260,7960,9374,9850,153085,529644,,1631,635,860,2251,3421,881,,289573,117668,3586,,,5,66,,,,242,1445,10630
1116691500667,3,265904,206660,2024-06-04T13:25:42.000Z,2,2,CommandAndControl,,BenignPositive,,,User,Impacted,98799,138268,360606,160396,100894,176594,105620,96126,153085,529644,,1631,635,860,2251,3421,881,,289573,117668,3586,,,5,66,,Suspicious,Suspicious,242,1445,10630
575525620868,76,189,975590,2024-06-05T11:53:19.000Z,0,0,InitialAccess,T1078;T1078.004,TruePositive,,,User,Impacted,98799,138268,360606,160396,7242,10515,7207,7699,153085,529644,,1631,635,860,2251,3421,881,,289573,117668,3586,,,5,66,,,,242,1445,10630
1443109013265,0,303,35610,2024-06-05T08:55:20.000Z,0,0,InitialAccess,T1078;T1078.004,TruePositive,,,CloudLogonRequest,Related,98799,138268,360606,160396,441377,673934,425863,453297,153085,529644,,1631,635,860,2251,3421,881,,289573,117668,3586,,,5,66,,,,242,1445,10630
927712938467,28,23726,51296,2024-06-08T21:49:16.000Z,1,1,InitialAccess,T1566.002,TruePositive,,,MailMessage,Related,98799,138268,360606,160396,441377,62773,425863,453297,153085,56367,,1631,635,860,2251,3421,881,,289573,117668,3586,,,5,66,Inbound,,NoThreatsFound,242,1445,10630
584115555473,51,4672,136564,2024-06-13T21:35:46.000Z,39,26,Execution,T1559;T1106;T1059.005,BenignPositive,,,File,Related,98799,21,360606,160396,441377,673934,425863,453297,153085,529644,,1631,635,860,2251,3421,881,,3,6,3586,,,5,66,,,,242,1445,10630
1322849928422,634,55954,343997,2024-06-10T02:49:30.000Z,5,49,SuspiciousActivity,,FalsePositive,,,User,Impacted,98799,138268,360606,160396,2022,2675,2015,2117,153085,529644,,1631,635,860,2251,3421,881,,289573,117668,3586,,,5,66,,,,242,1445,10630
1494648621730,40,373534,1096591,2024-06-11T02:50:42.000Z,2,2,CommandAndControl,,BenignPositive,,,Url,Related,98799,138268,360606,0,441377,673934,425863,453297,153085,529644,,1631,635,860,2251,3421,881,,289573,117668,3586,,,5,66,,Suspicious,Suspicious,242,1445,10630
1391569409068,198,2026,3886,2024-06-07T04:35:21.000Z,119,99,SuspiciousActivity,,BenignPositive,,,User,Impacted,98799,138268,360606,160396,441377,673934,425863,6510,153085,529644,,1631,635,860,2251,3421,881,,289573,117668,3586,,,5,66,,,,242,1445,10630
1460288881844,16,65794,70517,2024-06-13T16:39:18.000Z,24,73,Exfiltration,,BenignPositive,,,MailMessage,Impacted,98799,138268,360606,160396,441377,606595,425863,453297,153085,413193,,1631,635,860,2251,3421,881,,289573,117668,3586,,,5,66,,,,242,1445,10630
1159641172886,188,51440,31696,2024-06-09T17:43:55.000Z,1,1,InitialAccess,T1566.002,BenignPositive,,,User,Impacted,98799,138268,360606,160396,82069,84034,84968,86142,153085,529644,,1631,635,860,2251,3421,881,,289573,117668,3586,,,5,66,,,,242,1445,10630
919123003049,26,1450,152477,2024-06-08T05:04:35.000Z,62,46,Execution,T1059.003,BenignPositive,,,Process,Related,98799,19,360606,160396,441377,673934,425863,453297,153085,529644,,1631,635,860,2251,3421,881,,16,14,3586,,,5,66,,Suspicious,Suspicious,242,1445,10630
584115556518,179,1240,39146,2024-06-13T00:25:31.000Z,153,15680,Exfiltration,,BenignPositive,,,MailMessage,Impacted,98799,138268,360606,160396,441377,3797,425863,453297,153085,4505,,1631,635,860,2251,3421,881,,289573,117668,3586,,,5,66,,,,242,1445,10630
850403526202,41,91669,64374,2024-06-04T17:46:28.000Z,32,21497,Exfiltration,,TruePositive,,,MailMessage,Impacted,98799,138268,360606,160396,441377,546759,425863,453297,153085,183873,,1631,635,860,2251,3421,881,,289573,117668,3586,,,5,66,,,,242,1445,10630
1314259993424,107,60437,242037,2024-06-09T23:49:41.000Z,1,1,InitialAccess,T1566.002,TruePositive,,,User,Impacted,98799,138268,360606,160396,56741,210875,56793,55914,153085,529644,,1631,635,860,2251,3421,881,,289573,117668,3586,,,5,66,,,,242,1445,10630
386547058135,65,1298,779,2024-06-13T03:02:17.000Z,35,23,InitialAccess,T1566,FalsePositive,,,Mailbox,Impacted,98799,138268,360606,160396,57495,54854,57844,54841,153085,529644,,1631,635,860,2251,3421,881,,289573,117668,3586,,,5,66,,,,242,1445,10630
51539607552,25,72023,36154,2024-06-10T09:14:01.000Z,30,15012,Exfiltration,,BenignPositive,,,MailMessage,Impacted,98799,138268,360606,160396,441377,357101,425863,453297,153085,25450,,1631,635,860,2251,3421,881,,289573,117668,3586,,,5,66,,,,242,1445,10630
687194769199,45,8830,27406,2024-06-11T23:04:35.000Z,6,5,InitialAccess,T1566,FalsePositive,,,Mailbox,Impacted,98799,138268,360606,160396,1,3,1,1,153085,529644,,1631,635,860,2251,3421,881,,289573,117668,3586,,,5,66,,,Malicious,242,1445,10630
1073741824021,6,120438,196784,2024-06-07T18:19:42.000Z,3,4,SuspiciousActivity,,BenignPositive,,,Ip,Related,98799,138268,7528,160396,441377,673934,425863,453297,153085,529644,,1631,635,860,2251,3421,881,,289573,117668,3586,,,5,66,,Suspicious,Suspicious,242,1445,10630
541165880948,7,158,916,2024-05-25T03:55:51.000Z,21,379,Impact,,FalsePositive,,,Ip,Related,98799,138268,3859,160396,441377,673934,425863,453297,153085,529644,,1631,635,860,2251,3421,881,,289573,117668,3586,,,5,66,,,,242,1445,10630
1357209669266,3,52448,751090,2024-06-08T14:41:14.000Z,2,2,CommandAndControl,,BenignPositive,,,Url,Related,98799,138268,360606,56,441377,673934,425863,453297,153085,529644,,1631,635,860,2251,3421,881,,289573,117668,3586,,,5,66,,Suspicious,Suspicious,242,1445,10630
68719477291,317,512161,1531216,2024-06-12T17:47:45.000Z,25,17,InitialAccess,,BenignPositive,,,User,Impacted,98799,138268,360606,160396,226793,307072,262048,288996,153085,529644,,1631,635,860,2251,3421,881,,289573,117668,3586,,,5,66,,,,242,1445,10630
60129547017,38,203686,473067,2024-06-12T17:41:37.000Z,3,4,SuspiciousActivity,,BenignPositive,,,Process,Related,98799,0,360606,160396,441377,673934,425863,453297,153085,529644,,1631,635,860,2251,3421,881,,0,4,3586,,,5,66,,Suspicious,Suspicious,242,1445,10630
42949674740,0,130,543712,2024-06-08T23:26:09.000Z,0,0,InitialAccess,T1078;T1078.004,TruePositive,,,CloudLogonRequest,Related,98799,138268,360606,160396,441377,673934,425863,453297,153085,529644,,1631,635,860,2251,3421,881,,289573,117668,3586,,,5,66,,,,242,1445,10630
1486058689377,360,324359,1605163,2024-06-04T20:42:35.000Z,2995,104565,Exfiltration,,FalsePositive,,,User,Impacted,98799,138268,360606,160396,354233,509815,392655,355744,153085,529644,,1631,635,860,2251,3421,881,,289573,117668,3586,,,5,66,,,,242,1445,10630
343597387461,3,25647,192664,2024-06-04T18:59:10.000Z,3,231,SuspiciousActivity,,BenignPositive,,,User,Impacted,98799,138268,360606,160396,84222,120530,83122,84813,153085,529644,,1631,635,860,2251,3421,881,,289573,117668,3586,,,5,66,,Suspicious,Suspicious,242,1445,10630
455266536555,318,59514,44843,2024-06-15T01:00:47.000Z,1,1,InitialAccess,T1566.002,BenignPositive,,,User,Impacted,98799,138268,360606,160396,40565,33461,39603,43242,153085,529644,,1631,635,860,2251,3421,881,,289573,117668,3586,,,5,66,,,,242,1445,10630
1185410976271,28,146068,150972,2024-06-09T05:50:56.000Z,1,1,InitialAccess,T1566.002,TruePositive,,,Url,Related,98799,138268,360606,166,441377,673934,425863,453297,153085,529644,,1631,635,860,2251,3421,881,,289573,117668,3586,,,5,66,,,Malicious,242,1445,10630
231928235189,180,222083,452215,2024-06-07T13:36:47.000Z,6,5,InitialAccess,T1566,BenignPositive,,,MailCluster,Related,98799,138268,360606,160396,441377,673934,425863,453297,153085,529644,2927948344.0,1631,635,860,2251,3421,881,,289573,117668,3586,,,5,66,,,NoThreatsFound,242,1445,10630
455266537333,14,2032,284,2024-05-24T00:05:44.000Z,41,763,Impact,,BenignPositive,,,Ip,Related,98799,138268,55520,160396,441377,673934,425863,453297,153085,529644,,1631,635,860,2251,3421,881,,289573,117668,3586,,,5,66,,,,242,1445,10630
601295424398,50,0,171041,2024-06-11T04:39:57.000Z,0,0,InitialAccess,T1078;T1078.004,TruePositive,,,CloudLogonSession,Related,98799,138268,360606,160396,441377,673934,425863,453297,153085,529644,,1631,635,860,2251,3421,881,,289573,117668,3586,,,5,66,,,,242,1445,10630
1211180779252,26,10360,1428859,2024-06-11T11:59:21.000Z,513,551,Malware,,BenignPositive,,,Machine,Impacted,1,138268,360606,160396,441377,673934,425863,453297,1,529644,,1631,635,860,2251,3421,881,,289573,117668,3586,,,0,0,,Suspicious,Suspicious,242,1445,10630
463856471410,2,24088,15976,2024-06-10T01:26:39.000Z,15,13,Exfiltration,,BenignPositive,,,MailMessage,Impacted,98799,138268,360606,160396,441377,126752,425863,453297,153085,39360,,1631,635,860,2251,3421,881,,289573,117668,3586,,,5,66,,,,242,1445,10630
120259084309,6,1782,1271,2024-05-23T03:06:16.000Z,17,173,Impact,,BenignPositive,,,Ip,Related,98799,138268,1278,160396,441377,673934,425863,453297,153085,529644,,1631,635,860,2251,3421,881,,289573,117668,3586,,,5,66,,,,242,1445,10630
781684048972,47,9650,29771,2024-06-01T20:37:44.000Z,71,146,Impact,,FalsePositive,,,Ip,Related,98799,138268,4247,160396,441377,673934,425863,453297,153085,529644,,1631,635,860,2251,3421,881,,289573,117668,3586,,,5,66,,,,242,1445,10630
1486058686131,0,260,525548,2024-06-06T12:15:01.000Z,7,6,InitialAccess,,TruePositive,,,Ip,Related,98799,138268,22791,160396,441377,673934,425863,453297,153085,529644,,1631,635,860,2251,3421,881,,289573,117668,3586,,,5,66,,,,25,49,47
300647715344,982,11348,120736,2024-06-12T14:43:05.000Z,6,5,InitialAccess,T1566,BenignPositive,,,MailCluster,Related,98799,138268,360606,160396,441377,673934,425863,453297,153085,529644,,1631,635,860,2251,3421,881,,289573,117668,3586,,,5,66,,,NoThreatsFound,242,1445,10630
1511828489994,0,166,843696,2024-06-07T15:50:08.000Z,0,0,InitialAccess,T1078;T1078.004,TruePositive,,,CloudLogonRequest,Related,98799,138268,360606,160396,441377,673934,425863,453297,153085,529644,,1631,635,860,2251,3421,881,,289573,117668,3586,,,5,66,,,,242,1445,10630
1486058687656,828,25764,666349,2024-06-04T23:02:03.000Z,13,11,InitialAccess,T1566,BenignPositive,,,MailMessage,Related,98799,138268,360606,160396,441377,236811,425863,453297,153085,267475,,1631,635,860,2251,3421,881,,289573,117668,3586,,,5,66,,,,242,1445,10630
1099511632612,1461,72260,118831,2024-06-08T13:19:56.000Z,13,11,InitialAccess,T1566,TruePositive,,,MailCluster,Related,98799,138268,360606,160396,441377,673934,425863,453297,153085,529644,,1631,635,860,2251,3421,881,,289573,117668,3586,,,5,66,,,Malicious,242,1445,10630
1683627184471,285,93400,139024,2024-06-08T13:34:48.000Z,241,224,InitialAccess,,BenignPositive,,,MailMessage,Related,98799,138268,360606,160396,441377,277,425863,453297,153085,349582,,1631,635,860,2251,3421,881,,289573,117668,3586,,,5,66,,,,242,1445,10630
670014898927,602,562157,1551982,2024-06-04T02:35:47.000Z,5,366,SuspiciousActivity,,,ContainAccount,update stsrefreshtokenvalidfrom timestamp.,User,Impacted,98799,138268,360606,160396,81356,121762,85341,83904,153085,529644,,1631,635,860,2251,3421,881,,289573,117668,3586,,,5,66,,,,242,1445,10630
1477468752862,210,3915,12366,2024-06-06T17:13:58.000Z,91,68,CredentialAccess,T1110;T1110.001;T1110.003,FalsePositive,,,User,Related,98799,138268,360606,160396,108448,673934,425863,117013,153085,529644,,1631,635,860,2251,3421,881,,289573,117668,3586,,Contextual,5,66,,,,242,1445,10630
1340029798735,28,560877,1623700,2024-06-09T11:18:56.000Z,118,98,InitialAccess,,TruePositive,,,User,Impacted,98799,138268,360606,160396,123764,224548,166553,149693,153085,529644,,1631,635,860,2251,3421,881,,289573,117668,3586,,,5,66,,,,242,1445,10630
1434519079463,95,28325,8447,2024-05-23T17:31:32.000Z,106,79,Impact,,TruePositive,,,User,Impacted,98799,138268,360606,160396,9358,13996,9201,9262,153085,529644,,1631,635,860,2251,3421,881,,289573,117668,3586,,,5,66,,,,242,1445,10630
850403524678,6,379323,424910,2024-06-13T07:04:47.000Z,2,2,CommandAndControl,,BenignPositive,,,Url,Related,98799,138268,360606,84,441377,673934,425863,453297,153085,529644,,1631,635,860,2251,3421,881,,289573,117668,3586,,,5,66,,Suspicious,Suspicious,242,1445,10630
1657857378048,0,115,1350192,2024-06-07T16:10:27.000Z,0,0,InitialAccess,T1078;T1078.004,TruePositive,,,CloudLogonRequest,Related,98799,138268,360606,160396,441377,673934,425863,453297,153085,529644,,1631,635,860,2251,3421,881,,289573,117668,3586,,,5,66,,,,242,1445,10630
1434519079547,245,45173,729305,2024-06-12T19:02:30.000Z,3,4,SuspiciousActivity,,TruePositive,,,Machine,Impacted,2618,138268,360606,160396,441377,673934,425863,453297,4881,529644,,1631,635,860,2251,3421,881,,289573,117668,3586,,,5,66,,Suspicious,Suspicious,242,1445,10630
549755817734,3,125261,687487,2024-06-16T08:06:57.000Z,2,2,CommandAndControl,,BenignPositive,,,User,Impacted,98799,138268,360606,160396,115431,196782,117073,122816,153085,529644,,1631,635,860,2251,3421,881,,289573,117668,3586,,,5,66,,Suspicious,Suspicious,242,1445,10630
1245540518250,48,257253,596414,2024-06-17T02:26:37.000Z,5,72,SuspiciousActivity,,BenignPositive,,,Ip,Related,98799,138268,696,160396,441377,673934,425863,453297,153085,529644,,1631,635,860,2251,3421,881,,289573,117668,3586,,Contextual,5,66,,,,242,1445,10630
1133871367943,0,218,333834,2024-06-04T09:39:20.000Z,14,12,CredentialAccess,T1110;T1110.003;T1110.001,TruePositive,,,User,Impacted,98799,138268,360606,160396,2670,3554,2687,2823,153085,529644,,1631,635,860,2251,3421,881,,289573,117668,3586,,,5,66,,,,242,1445,10630
326417519698,46,6120,4286,2024-06-04T04:24:07.000Z,64,42,CommandAndControl,T1568;T1008,FalsePositive,,,Ip,Related,98799,138268,2684,160396,441377,673934,425863,453297,153085,529644,,1631,635,860,2251,3421,881,,289573,117668,3586,,,5,66,,,,242,1445,10630
154618825744,1070,107596,872329,2024-06-13T03:04:24.000Z,0,0,InitialAccess,T1078;T1078.004,FalsePositive,,,Ip,Related,98799,138268,233040,160396,441377,673934,425863,453297,153085,529644,,1631,635,860,2251,3421,881,,289573,117668,3586,,,5,66,,,,12,102,7576
944892808565,35,276,530680,2024-06-07T15:38:23.000Z,0,0,InitialAccess,T1078;T1078.004,TruePositive,,,User,Impacted,98799,138268,360606,160396,1004,1374,997,1055,153085,529644,,1631,635,860,2251,3421,881,,289573,117668,3586,,,5,66,,,,242,1445,10630
601295423755,2053,71781,226020,2024-06-06T19:23:19.000Z,11,9,InitialAccess,T1566,BenignPositive,,,MailMessage,Related,98799,138268,360606,160396,441377,218210,425863,453297,153085,238428,,1631,635,860,2251,3421,881,,289573,117668,3586,,,5,66,,,,242,1445,10630
738734376579,7,427,666,2024-05-27T05:27:55.000Z,22,10,Impact,,FalsePositive,,,Ip,Related,98799,138268,1107,160396,441377,673934,425863,453297,153085,529644,,1631,635,860,2251,3421,881,,289573,117668,3586,,,5,66,,,,242,1445,10630
309237646174,61,3011,555589,2024-06-04T15:34:16.000Z,5,31,SuspiciousActivity,,FalsePositive,,,User,Impacted,98799,138268,360606,160396,408,534,400,435,153085,529644,,1631,635,860,2251,3421,881,,289573,117668,3586,,,5,66,,,,242,1445,10630
1082331762704,20,722,709,2024-05-30T15:17:41.000Z,49,35,CommandAndControl,T1046;T1030;T1071;T1071.001,BenignPositive,,,Ip,Related,98799,138268,34070,160396,441377,673934,425863,453297,153085,529644,,1631,635,860,2251,3421,881,,289573,117668,3586,,,5,66,,,,242,1445,10630
661424967916,36,5001,11860,2024-06-05T10:21:44.000Z,1,1,InitialAccess,T1566.002,BenignPositive,,,Mailbox,Impacted,98799,138268,360606,160396,19920,17338,20011,22008,153085,529644,,1631,635,860,2251,3421,881,,289573,117668,3586,,,5,66,,,NoThreatsFound,242,1445,10630
1022202219990,1798,95976,560272,2024-06-05T19:24:21.000Z,9,74,Execution,,FalsePositive,,,CloudApplication,Impacted,98799,138268,360606,160396,441377,673934,425863,453297,153085,529644,,1631,635,860,2,2,881,,289573,117668,3586,,,5,66,,,,242,1445,10630
601295424398,50,0,166746,2024-06-13T01:51:45.000Z,0,0,InitialAccess,T1078;T1078.004,TruePositive,,,User,Impacted,98799,138268,360606,160396,7129,10592,7149,7754,153085,529644,,1631,635,860,2251,3421,881,,289573,117668,3586,,,5,66,,,,242,1445,10630
575525619343,496,210144,1530958,2024-06-06T01:01:36.000Z,33,22,InitialAccess,,BenignPositive,,,Mailbox,Impacted,98799,138268,360606,160396,6988,10190,6894,7401,153085,529644,,1631,635,860,2251,3421,881,,289573,117668,3586,,,5,66,,,,242,1445,10630
1116691500689,3,10319,282356,2024-06-05T13:35:32.000Z,2,2,CommandAndControl,,BenignPositive,,,Process,Related,98799,0,360606,160396,441377,673934,425863,453297,153085,529644,,1631,635,860,2251,3421,881,,0,2,3586,,,5,66,,Suspicious,Suspicious,242,1445,10630
326417518248,3,300011,786592,2024-06-05T14:01:53.000Z,2,2,CommandAndControl,,BenignPositive,,,Url,Related,98799,138268,360606,100,441377,673934,425863,453297,153085,529644,,1631,635,860,2251,3421,881,,289573,117668,3586,,,5,66,,Suspicious,Suspicious,242,1445,10630
1314259993954,44,33617,44407,2024-06-12T05:44:38.000Z,50,36,Exfiltration,,BenignPositive,,,MailMessage,Impacted,98799,138268,360606,160396,441377,1891,425863,453297,153085,463825,,1631,635,860,2251,3421,881,,289573,117668,3586,,,5,66,,,,242,1445,10630
661424968454,4,1924,498,2024-05-28T09:33:05.000Z,8,7,InitialAccess,T1133,FalsePositive,,,Machine,Impacted,98799,138268,360606,160396,441377,673934,425863,453297,393,529644,,1631,635,860,2251,3421,881,,289573,117668,3586,,,5,66,,,,242,1445,10630
764504181718,124,60463,587706,2024-06-12T22:17:56.000Z,9,64,Execution,,FalsePositive,,,File,Related,98799,138268,360606,160396,441377,673934,425863,453297,153085,529644,,1631,635,860,2251,3421,881,,71,117668,3586,,,5,66,,,,242,1445,10630
326417517257,40,18458,131624,2024-06-14T09:34:28.000Z,2,2,CommandAndControl,,BenignPositive,,,Process,Related,98799,42239,360606,160396,441377,673934,425863,453297,153085,529644,,1631,635,860,2251,3421,881,,4665,10381,3586,,,5,66,,Suspicious,Suspicious,242,1445,10630
292057777993,45,44651,118940,2024-06-11T18:06:38.000Z,6,5,InitialAccess,T1566,FalsePositive,,,Mailbox,Impacted,98799,138268,360606,160396,1,1,1,1,153085,529644,,1631,635,860,2251,3421,881,,289573,117668,3586,,,5,66,,,,242,1445,10630
111669153480,3,14895,110115,2024-06-13T15:34:07.000Z,3,545,Malware,,BenignPositive,,,User,Impacted,98799,138268,360606,160396,115772,202162,108413,122698,153085,529644,,1631,635,860,2251,3421,881,,289573,117668,3586,,,5,66,,Suspicious,Suspicious,242,1445,10630
1460288883175,954,65950,481318,2024-06-14T07:37:11.000Z,13,11,InitialAccess,T1566,BenignPositive,,,User,Impacted,98799,138268,360606,160396,1513,366,1510,1537,153085,529644,,1631,635,860,2251,3421,881,,289573,117668,3586,,,5,66,,,,242,1445,10630
420906796834,456,130079,303544,2024-06-06T15:37:04.000Z,10,8,InitialAccess,T1566.001,BenignPositive,,,MailCluster,Related,98799,138268,360606,160396,441377,673934,425863,453297,153085,529644,,1631,635,860,2251,3421,881,,289573,117668,3586,,,5,66,,,Malicious,242,1445,10630
506806142409,32,7618,196658,2024-06-07T12:22:05.000Z,3,4,SuspiciousActivity,,BenignPositive,,,Ip,Related,98799,138268,157617,160396,441377,673934,425863,453297,153085,529644,,1631,635,860,2251,3421,881,,289573,117668,3586,,,5,66,,Suspicious,Suspicious,242,1445,10630
549755817881,208,8376,8529,2024-06-12T23:15:06.000Z,114,92,CredentialAccess,T1003;T1005;T1119;T1539;T1550.004;T1552.001;T1555.003;T1555.004,BenignPositive,,,File,Related,98799,138268,360606,160396,441377,673934,425863,453297,153085,529644,,1631,635,860,2251,3421,881,,20,9622,3586,,,5,66,,Suspicious,Suspicious,242,1445,10630
1391569407368,2,6889,15728,2024-06-07T16:52:07.000Z,15,13,Exfiltration,,BenignPositive,,,MailMessage,Impacted,98799,138268,360606,160396,441377,283685,425863,453297,153085,256376,,1631,635,860,2251,3421,881,,289573,117668,3586,,,5,66,,,,242,1445,10630
171798695635,3,302743,781222,2024-06-10T08:17:07.000Z,2,2,CommandAndControl,,BenignPositive,,,Process,Related,98799,1,360606,160396,441377,673934,425863,453297,153085,529644,,1631,635,860,2251,3421,881,,1,1,3586,,,5,66,,Suspicious,Suspicious,242,1445,10630
1563368097789,49,292188,750445,2024-06-07T00:07:24.000Z,2,2,CommandAndControl,,TruePositive,,,Process,Related,98799,0,360606,160396,441377,673934,425863,453297,153085,529644,,1631,635,860,2251,3421,881,,0,2,3586,,,5,66,,Suspicious,Suspicious,242,1445,10630
34359739146,82,3660,925,2024-06-06T09:55:56.000Z,1,1,InitialAccess,T1566.002,TruePositive,,,User,Impacted,98799,138268,360606,160396,2108,1098,2104,2206,153085,529644,,1631,635,860,2251,3421,881,,289573,117668,3586,,,5,66,,,,242,1445,10630
1537598292006,6,24736,696118,2024-06-10T05:19:59.000Z,2,2,CommandAndControl,,BenignPositive,,,User,Impacted,98799,138268,360606,160396,466,616,459,498,153085,529644,,1631,635,860,2251,3421,881,,289573,117668,3586,,,5,66,,Suspicious,Suspicious,242,1445,10630
386547057366,370,79897,659041,2024-06-03T06:46:41.000Z,25,17,InitialAccess,,BenignPositive,,,MailMessage,Related,98799,138268,360606,160396,441377,312,425863,453297,153085,120444,,1631,635,860,2251,3421,881,,289573,117668,3586,,,5,66,,,,242,1445,10630
1451698949676,3,18740,200762,2024-06-11T15:28:54.000Z,3,142,SuspiciousActivity,,BenignPositive,,,Process,Related,98799,189,360606,160396,441377,673934,425863,453297,153085,529644,,1631,635,860,2251,3421,881,,17,81,3586,,,5,66,,Suspicious,Suspicious,242,1445,10630
25769808316,69,82280,447149,2024-06-07T14:18:01.000Z,6,5,InitialAccess,T1566,BenignPositive,,,MailMessage,Related,98799,138268,360606,160396,441377,36330,425863,453297,153085,245416,,1631,635,860,2251,3421,881,,289573,117668,3586,,,5,66,Inbound,,NoThreatsFound,242,1445,10630
1245540517659,0,83,394308,2024-06-07T07:43:17.000Z,0,0,InitialAccess,T1078;T1078.004,TruePositive,,,CloudLogonRequest,Related,98799,138268,360606,160396,441377,673934,425863,453297,153085,529644,,1631,635,860,2251,3421,881,,289573,117668,3586,,,5,66,,,,242,1445,10630
438086666666,3827,404,1018517,2024-06-05T12:34:36.000Z,19,15,InitialAccess,,FalsePositive,,,CloudLogonRequest,Related,98799,138268,360606,160396,441377,673934,425863,453297,153085,529644,,1631,635,860,2251,3421,881,,289573,117668,3586,,,5,66,,,,242,1445,10630
833223656091,22,197,853507,2024-06-04T15:35:20.000Z,0,0,InitialAccess,T1078;T1078.004,TruePositive,,,User,Impacted,98799,138268,360606,160396,86,128,79,101,153085,529644,,1631,635,860,2251,3421,881,,289573,117668,3586,,,5,66,,,,242,1445,10630
1374389536545,0,267,86139,2024-06-08T13:20:40.000Z,0,0,InitialAccess,T1078;T1078.004,TruePositive,,,User,Impacted,98799,138268,360606,160396,4107,5643,4114,4408,153085,529644,,1631,635,860,2251,3421,881,,289573,117668,3586,,,5,66,,,,242,1445,10630
1288490192878,10,240,1702,2024-05-22T23:11:26.000Z,12,541,Impact,,TruePositive,,,Ip,Related,98799,138268,6425,160396,441377,673934,425863,453297,153085,529644,,1631,635,860,2251,3421,881,,289573,117668,3586,,,5,66,,,,242,1445,10630
51539612457,868,14993,317410,2024-06-14T23:07:54.000Z,0,0,InitialAccess,T1078;T1078.004,TruePositive,,,Ip,Related,98799,138268,222,160396,441377,673934,425863,453297,153085,529644,,1631,635,860,2251,3421,881,,289573,117668,3586,,,5,66,,,,0,22,41
1546188230090,35,165,1215039,2024-06-05T06:12:33.000Z,0,0,InitialAccess,T1078;T1078.004,TruePositive,,,User,Impacted,98799,138268,360606,160396,707,942,696,750,153085,529644,,1631,635,860,2251,3421,881,,289573,117668,3586,,,5,66,,,,242,1445,10630
1546188228377,45,4868,27177,2024-06-11T18:12:38.000Z,6,5,InitialAccess,T1566,FalsePositive,,,User,Impacted,98799,138268,360606,160396,1,3,1,1,153085,529644,,1631,635,860,2251,3421,881,,289573,117668,3586,,,5,66,,,,242,1445,10630
850403526957,48,449406,1395325,2024-06-10T23:53:20.000Z,5,72,SuspiciousActivity,,BenignPositive,,,CloudApplication,Impacted,98799,138268,360606,160396,441377,673934,425863,453297,153085,529644,,1631,635,860,1,1,881,,289573,117668,3586,,,5,66,,,,242,1445,10630
1348619733773,29,263,371,2024-06-09T14:36:37.000Z,54,33,Persistence,T1078;T1098,BenignPositive,,,Ip,Related,98799,138268,99367,160396,441377,673934,425863,453297,153085,529644,,1631,635,860,2251,3421,881,,289573,117668,3586,,,5,66,,,,242,1445,10630
738734377691,8,30942,734462,2024-06-16T07:47:02.000Z,3,4,SuspiciousActivity,,TruePositive,,,Ip,Related,98799,138268,31597,160396,441377,673934,425863,453297,153085,529644,,1631,635,860,2251,3421,881,,289573,117668,3586,,,5,66,,Suspicious,Suspicious,242,1445,10630
1675037248954,231,139407,755144,2024-06-11T02:17:48.000Z,2,2,CommandAndControl,,BenignPositive,,,Url,Related,98799,138268,360606,1,441377,673934,425863,453297,153085,529644,,1631,635,860,2251,3421,881,,289573,117668,3586,,,5,66,,Suspicious,Suspicious,242,1445,10630
171798691841,25,103,64162,2024-06-04T14:57:50.000Z,67,21478,Exfiltration,,BenignPositive,,,MailMessage,Impacted,98799,138268,360606,160396,441377,400302,425863,453297,153085,1878,,1631,635,860,2251,3421,881,,289573,117668,3586,,,5,66,,,,242,1445,10630
1546188230090,35,165,1239596,2024-06-04T14:57:41.000Z,0,0,InitialAccess,T1078;T1078.004,TruePositive,,,User,Impacted,98799,138268,360606,160396,1508,2041,1506,1584,153085,529644,,1631,635,860,2251,3421,881,,289573,117668,3586,,,5,66,,,,242,1445,10630
386547058545,0,309,520945,2024-06-09T20:17:22.000Z,0,0,InitialAccess,T1078;T1078.004,TruePositive,,,CloudLogonRequest,Related,98799,138268,360606,160396,441377,673934,425863,453297,153085,529644,,1631,635,860,2251,3421,881,,289573,117668,3586,,,5,66,,,,242,1445,10630
1606317770316,400,7349,4863,2024-06-07T18:35:50.000Z,27,18,Discovery,T1087;T1087.002,BenignPositive,,,Machine,Related,98799,138268,360606,160396,441377,673934,425863,453297,148293,529644,,1631,635,860,2251,3421,881,,289573,117668,3586,,Destination,5,66,,,,242,1445,10630
601295425252,201,204205,1552285,2024-06-04T04:37:27.000Z,5,2514,SuspiciousActivity,,BenignPositive,,,Ip,Related,98799,138268,112694,160396,441377,673934,425863,453297,153085,529644,,1631,635,860,2251,3421,881,,289573,117668,3586,,Contextual,5,66,,,,242,1445,10630
652835032606,2,6163,6978,2024-06-14T13:13:27.000Z,18,14,Exfiltration,,BenignPositive,,,User,Impacted,98799,138268,360606,160396,1796,500,1777,1893,153085,529644,,1631,635,860,2251,3421,881,,289573,117668,3586,,,5,66,,,,242,1445,10630
489626276763,4,2703,501,2024-05-28T09:58:48.000Z,8,7,InitialAccess,T1133,FalsePositive,,,Machine,Impacted,98799,138268,360606,160396,441377,673934,425863,453297,433,529644,,1631,635,860,2251,3421,881,,289573,117668,3586,,,5,66,,,,242,1445,10630
1297080124443,56,9973,630869,2024-06-14T02:53:25.000Z,222,199,CommandAndControl,T1055;T1105,BenignPositive,,,User,Related,98799,138268,360606,160396,441377,673934,425863,453297,153085,529644,,1631,635,860,2251,3421,881,,289573,117668,3586,,,5,66,,Suspicious,Suspicious,242,1445,10630
206158430789,58,7227,2359,2024-06-11T22:48:13.000Z,11,9,InitialAccess,T1566,BenignPositive,,,MailMessage,Related,98799,138268,360606,160396,441377,28547,425863,453297,153085,262471,,1631,635,860,2251,3421,881,,289573,117668,3586,,,5,66,,,,242,1445,10630
592705490240,97,17702,67285,2024-06-12T08:45:18.000Z,1,1,InitialAccess,T1566.002,TruePositive,,,MailMessage,Related,98799,138268,360606,160396,441377,28609,425863,453297,153085,42829,,1631,635,860,2251,3421,881,,289573,117668,3586,,,5,66,Intraorg,,Malicious,242,1445,10630
515396077255,0,659,186143,2024-06-06T17:58:47.000Z,7,6,InitialAccess,,TruePositive,,,Ip,Related,98799,138268,4,160396,441377,673934,425863,453297,153085,529644,,1631,635,860,2251,3421,881,,289573,117668,3586,,,5,66,,,,12,12,9
833223660123,91,34916,443297,2024-06-14T13:20:19.000Z,824,47365,Exfiltration,,BenignPositive,,,MailMessage,Impacted,98799,138268,360606,160396,441377,358149,425863,453297,153085,49130,,1631,635,860,2251,3421,881,,289573,117668,3586,,,5,66,,,,242,1445,10630
566935684655,287,101397,27338,2024-06-07T18:45:42.000Z,10,8,InitialAccess,T1566.001,BenignPositive,,,File,Related,98799,2087,360606,160396,441377,673934,425863,453297,153085,529644,,1631,635,860,2251,3421,881,,4023,117668,3586,,,5,66,,,,242,1445,10630
489626273349,41,79608,52254,2024-06-03T21:01:50.000Z,32,18707,Exfiltration,,TruePositive,,,User,Impacted,98799,138268,360606,160396,284647,418746,245334,287440,153085,529644,,1631,635,860,2251,3421,881,,289573,117668,3586,,,5,66,,,,242,1445,10630
292057780861,66,140383,349875,2024-06-16T18:03:22.000Z,5,34,SuspiciousActivity,,TruePositive,,,CloudApplication,Impacted,98799,138268,360606,160396,441377,673934,425863,453297,153085,529644,,1631,635,860,1,1,881,,289573,117668,3586,,,5,66,,,,242,1445,10630
833223655443,6,2364,1142,2024-05-22T12:50:59.000Z,17,1373,Impact,,BenignPositive,,,Ip,Related,98799,138268,2959,160396,441377,673934,425863,453297,153085,529644,,1631,635,860,2251,3421,881,,289573,117668,3586,,,5,66,,,,242,1445,10630
1082331763743,222,17852,868456,2024-06-13T08:50:59.000Z,0,0,InitialAccess,T1078;T1078.004,FalsePositive,,,User,Impacted,98799,138268,360606,160396,393,517,385,423,153085,529644,,1631,635,860,2251,3421,881,,289573,117668,3586,,,5,66,,,,242,1445,10630
635655161844,31,17,214824,2024-06-04T10:44:54.000Z,93,1501,Exfiltration,,BenignPositive,,,Machine,Impacted,98799,138268,360606,160396,441377,673934,425863,453297,341,529644,,1631,635,860,2251,3421,881,,289573,117668,3586,,,5,66,,,,242,1445,10630
1099511629830,13,3990,7205,2024-06-14T10:32:35.000Z,142,4193,Exfiltration,,BenignPositive,,,File,Impacted,98799,138268,360606,160396,441377,673934,425863,453297,153085,529644,,1631,635,860,2251,3421,881,,34716,9736,3586,,,5,66,,,,242,1445,10630
704374636908,142,104606,56834,2024-06-03T11:19:48.000Z,112,3820,Exfiltration,,FalsePositive,,,MailMessage,Impacted,98799,138268,360606,160396,441377,239616,425863,453297,153085,40013,,1631,635,860,2251,3421,881,,289573,117668,3586,,,5,66,,,,242,1445,10630
472446405999,2,8224,7984,2024-06-04T03:44:20.000Z,18,14,Exfiltration,,BenignPositive,,,MailMessage,Impacted,98799,138268,360606,160396,441377,5,425863,453297,153085,8846,,1631,635,860,2251,3421,881,,289573,117668,3586,,,5,66,,,,242,1445,10630
1546188228407,262,44897,141376,2024-06-14T00:56:37.000Z,91,68,CredentialAccess,T1110;T1110.001;T1110.003,BenignPositive,,,User,Impacted,98799,138268,360606,160396,80663,134865,81003,88530,153085,529644,,1631,635,860,2251,3421,881,,289573,117668,3586,,Suspicious,5,66,,,,242,1445,10630
1692217116205,41,514463,1449951,2024-06-11T17:48:06.000Z,32,140,Exfiltration,,TruePositive,,,File,Impacted,98799,138268,360606,160396,441377,673934,425863,453297,153085,529644,,1631,635,860,2251,3421,881,,199096,0,3586,,,5,66,,,,242,1445,10630
446676602334,2,9731,3184,2024-06-12T10:29:03.000Z,18,14,Exfiltration,,BenignPositive,,,File,Impacted,98799,138268,360606,160396,441377,673934,425863,453297,153085,529644,,1631,635,860,2251,3421,881,,45849,27153,3586,,,5,66,,,,242,1445,10630
1013612281869,6,88094,746928,2024-06-03T10:32:57.000Z,2,2,CommandAndControl,,BenignPositive,,,Url,Related,98799,138268,360606,38,441377,673934,425863,453297,153085,529644,,1631,635,860,2251,3421,881,,289573,117668,3586,,,5,66,,Suspicious,Suspicious,242,1445,10630
755914248533,78,125805,37334,2024-06-04T18:08:44.000Z,1,1,InitialAccess,T1566.002,TruePositive,,,MailMessage,Related,98799,138268,360606,160396,441377,65408,425863,453297,153085,26385,,1631,635,860,2251,3421,881,,289573,117668,3586,,,5,66,Inbound,,NoThreatsFound,242,1445,10630
1219770714118,49,142569,742451,2024-06-04T18:23:34.000Z,2,2,CommandAndControl,,TruePositive,,,Url,Related,98799,138268,360606,462,441377,673934,425863,453297,153085,529644,,1631,635,860,2251,3421,881,,289573,117668,3586,,,5,66,,Suspicious,Suspicious,242,1445,10630
1082331760380,0,333,393805,2024-06-03T18:50:54.000Z,4,3,InitialAccess,,TruePositive,,,Ip,Related,98799,138268,25346,160396,441377,673934,425863,453297,153085,529644,,1631,635,860,2251,3421,881,,289573,117668,3586,,,5,66,,,,5,1445,10630
996432415696,846,122221,244887,2024-06-10T18:33:20.000Z,73,54,InitialAccess,T1078;T1078.004,FalsePositive,,,CloudApplication,Impacted,98799,138268,360606,160396,441377,673934,425863,453297,153085,529644,,1631,635,860,1,1,881,,289573,117668,3586,,,5,66,,,,242,1445,10630
438086665839,7,175,1726,2024-05-26T14:49:32.000Z,21,85,Impact,,FalsePositive,,,Ip,Related,98799,138268,5771,160396,441377,673934,425863,453297,153085,529644,,1631,635,860,2251,3421,881,,289573,117668,3586,,,5,66,,,,242,1445,10630
1151051240251,334,84356,181818,2024-06-06T21:42:09.000Z,4,3,InitialAccess,,BenignPositive,,,User,Impacted,98799,138268,360606,160396,1764,2370,1764,1858,153085,529644,,1631,635,860,2251,3421,881,,289573,117668,3586,,,5,66,,,,242,1445,10630
704374641116,826,46837,52842,2024-06-05T05:53:49.000Z,1,1,InitialAccess,T1566.002,BenignPositive,,,File,Related,98799,129167,360606,160396,441377,673934,425863,453297,153085,529644,,1631,635,860,2251,3421,881,,125943,117668,3586,,,5,66,,,,242,1445,10630
695784703786,45,51207,298933,2024-06-13T09:53:08.000Z,6,5,InitialAccess,T1566,FalsePositive,,,Mailbox,Impacted,98799,138268,360606,160396,6,20,4,5,153085,529644,,1631,635,860,2251,3421,881,,289573,117668,3586,,,5,66,,,Malicious,242,1445,10630
936302873478,219,27189,18870,2024-06-05T12:11:33.000Z,644,8872,Exfiltration,,BenignPositive,,,File,Impacted,98799,138268,360606,160396,441377,673934,425863,453297,153085,529644,,1631,635,860,2251,3421,881,,131216,16683,3586,,,5,66,,,,242,1445,10630
1597727835819,84,229,25486,2024-06-03T22:40:47.000Z,68,304,Exfiltration,,TruePositive,,,File,Impacted,98799,138268,360606,160396,441377,673934,425863,453297,153085,529644,,1631,635,860,2251,3421,881,,194,24,3586,,,5,66,,,,242,1445,10630
678604834947,147,162848,596201,2024-06-16T21:37:01.000Z,9,370,Execution,,TruePositive,,,CloudApplication,Impacted,98799,138268,360606,160396,441377,673934,425863,453297,153085,529644,,1631,635,860,2,2,881,,289573,117668,3586,,,5,66,,,,242,1445,10630
1314259996895,275,33276,15556,2024-06-04T14:43:51.000Z,1,1,InitialAccess,T1566.002,FalsePositive,,,Url,Related,98799,138268,360606,54166,441377,673934,425863,453297,153085,529644,,1631,635,860,2251,3421,881,,289573,117668,3586,,,5,66,,,NoThreatsFound,242,1445,10630
893353198348,107,45072,147588,2024-06-11T20:18:17.000Z,1,1,InitialAccess,T1566.002,TruePositive,,,MailCluster,Related,98799,138268,360606,160396,441377,673934,425863,453297,153085,529644,,1631,635,860,2251,3421,881,,289573,117668,3586,,,5,66,,,Suspicious,242,1445,10630
721554510915,402,121063,937007,2024-06-12T15:34:46.000Z,0,0,InitialAccess,T1078;T1078.004,FalsePositive,,,User,Impacted,98799,138268,360606,160396,391599,521718,401601,362699,153085,529644,,1631,635,860,2251,3421,881,,289573,117668,3586,,,5,66,,,,242,1445,10630
1099511628986,252,26704,17059,2024-06-14T10:38:26.000Z,309,307,InitialAccess,,FalsePositive,,,MailMessage,Related,98799,138268,360606,160396,441377,77465,425863,453297,153085,7720,,1631,635,860,2251,3421,881,,289573,117668,3586,,,5,66,,,,242,1445,10630
747324310908,116,1090,1086469,2024-06-04T06:18:47.000Z,85,63,Discovery,T1007;T1016;T1018;T1049;T1057;T1059.001;T1087;T1135,,ContainAccount,update stsrefreshtokenvalidfrom timestamp.,User,Impacted,98799,138268,360606,160396,16459,28066,16966,18902,153085,529644,,1631,635,860,2251,3421,881,,289573,117668,3586,,,5,66,,Suspicious,Suspicious,242,1445,10630
1228360650756,20,563,755,2024-05-29T13:23:07.000Z,49,35,CommandAndControl,T1046;T1030;T1071;T1071.001,BenignPositive,,,Ip,Related,98799,138268,56850,160396,441377,673934,425863,453297,153085,529644,,1631,635,860,2251,3421,881,,289573,117668,3586,,,5,66,,,,242,1445,10630
1661,7,3112,678,2024-05-25T04:25:18.000Z,21,885,Impact,,FalsePositive,,,Ip,Related,98799,138268,1038,160396,441377,673934,425863,453297,153085,529644,,1631,635,860,2251,3421,881,,289573,117668,3586,,,5,66,,,,242,1445,10630
34359743094,9,231,436603,2024-06-04T04:33:07.000Z,90,5570,Exfiltration,,BenignPositive,,,User,Impacted,98799,138268,360606,160396,4473,6212,4468,4784,153085,529644,,1631,635,860,2251,3421,881,,289573,117668,3586,,,5,66,,,,242,1445,10630
1460288884904,30,52651,16038,2024-06-06T20:12:32.000Z,37,7880,Exfiltration,,BenignPositive,,,MailMessage,Impacted,98799,138268,360606,160396,441377,9379,425863,453297,153085,23665,,1631,635,860,2251,3421,881,,289573,117668,3586,,,5,66,,,,242,1445,10630
1073741825802,0,315,167949,2024-06-07T07:59:38.000Z,0,0,InitialAccess,T1078;T1078.004,TruePositive,,,CloudLogonSession,Related,98799,138268,360606,160396,441377,673934,425863,453297,153085,529644,,1631,635,860,2251,3421,881,,289573,117668,3586,,,5,66,,,,242,1445,10630
438086667348,74,6703,90558,2024-06-12T03:39:57.000Z,2,2,CommandAndControl,,BenignPositive,,,Process,Related,98799,1,360606,160396,441377,673934,425863,453297,153085,529644,,1631,635,860,2251,3421,881,,1,1,3586,,,5,66,,Suspicious,Suspicious,242,1445,10630
661424966862,596,248339,248702,2024-06-12T02:46:44.000Z,2,2,CommandAndControl,,BenignPositive,,,Machine,Impacted,12363,138268,360606,160396,441377,673934,425863,453297,20589,529644,,1631,635,860,2251,3421,881,,289573,117668,3586,,,0,0,,Suspicious,Suspicious,242,1445,10630
1116691497989,129,30612,19610,2024-06-07T18:12:51.000Z,104,9079,Exfiltration,,BenignPositive,,,File,Impacted,98799,138268,360606,160396,441377,673934,425863,453297,153085,529644,,1631,635,860,2251,3421,881,,66726,0,3586,,,5,66,,,,242,1445,10630
171798691841,25,103,70842,2024-06-04T09:52:35.000Z,30,22158,Exfiltration,,BenignPositive,,,MailMessage,Impacted,98799,138268,360606,160396,441377,412327,425863,453297,153085,7702,,1631,635,860,2251,3421,881,,289573,117668,3586,,,5,66,,,,242,1445,10630
661424965940,48,451367,589119,2024-06-13T09:03:34.000Z,9,45,Execution,,BenignPositive,,,User,Impacted,98799,138268,360606,160396,824,1116,814,879,153085,529644,,1631,635,860,2251,3421,881,,289573,117668,3586,,,5,66,,,,242,1445,10630
1529008362288,133,35707,733116,2024-06-15T04:06:13.000Z,3,4,SuspiciousActivity,,BenignPositive,,,Machine,Impacted,5327,138268,360606,160396,441377,673934,425863,453297,9374,529644,,1631,635,860,2251,3421,881,,289573,117668,3586,,,5,66,,Suspicious,Suspicious,242,1445,10630
1125281434724,376,185708,839365,2024-06-16T14:38:22.000Z,0,0,InitialAccess,T1078;T1078.004,FalsePositive,,,User,Impacted,98799,138268,360606,160396,1495,2025,1476,1568,153085,529644,,1631,635,860,2251,3421,881,,289573,117668,3586,,,5,66,,,,242,1445,10630
1511828490659,5,40,824801,2024-06-13T02:13:04.000Z,4,3,InitialAccess,,TruePositive,,,User,Impacted,98799,138268,360606,160396,15,27,13,16,153085,529644,,1631,635,860,2251,3421,881,,289573,117668,3586,,,5,66,,,,242,1445,10630
438086666160,324,6367,676955,2024-06-03T08:32:19.000Z,457,479,SuspiciousActivity,,BenignPositive,,,User,Impacted,98799,138268,360606,160396,441377,673934,425863,12607,153085,529644,,1631,635,860,2251,3421,881,,289573,117668,3586,,,5,66,,,,242,1445,10630
352187318301,6,2316,1575,2024-05-24T09:25:52.000Z,17,1413,Impact,,BenignPositive,,,Ip,Related,98799,138268,616,160396,441377,673934,425863,453297,153085,529644,,1631,635,860,2251,3421,881,,289573,117668,3586,,,5,66,,,,242,1445,10630
1614907703934,43,13183,8047,2024-05-24T20:21:55.000Z,52,10,Impact,,BenignPositive,,,Ip,Related,98799,138268,2835,160396,441377,673934,425863,453297,153085,529644,,1631,635,860,2251,3421,881,,289573,117668,3586,,,5,66,,,,242,1445,10630
987842482202,24,466083,1382459,2024-06-07T20:19:38.000Z,5,50,SuspiciousActivity,,BenignPositive,,,CloudApplication,Impacted,98799,138268,360606,160396,441377,673934,425863,453297,153085,529644,,1631,635,860,0,0,881,,289573,117668,3586,,,5,66,,,,242,1445,10630
1305670059947,227,1045,21406,2024-06-12T12:29:57.000Z,1,1,InitialAccess,T1566.002,TruePositive,,,Mailbox,Impacted,98799,138268,360606,160396,64,19,58,70,153085,529644,,1631,635,860,2251,3421,881,,289573,117668,3586,,,5,66,,,NoThreatsFound,242,1445,10630
962072675970,1,320,74195,2024-06-05T18:27:57.000Z,0,0,InitialAccess,T1078;T1078.004,TruePositive,,,Ip,Related,98799,138268,4104,160396,441377,673934,425863,453297,153085,529644,,1631,635,860,2251,3421,881,,289573,117668,3586,,,5,66,,,,3,5,21
790273982874,79,1377,188750,2024-06-04T09:29:37.000Z,56,40,CredentialAccess,T1003;T1012;T1552.002,FalsePositive,,,Machine,Impacted,1711,138268,360606,160396,441377,673934,425863,453297,3630,529644,,1631,635,860,2251,3421,881,,289573,117668,3586,,,0,0,,Suspicious,Suspicious,242,1445,10630
790273985595,228,77827,237253,2024-06-05T13:29:13.000Z,6,5,InitialAccess,T1566,BenignPositive,,,Mailbox,Impacted,98799,138268,360606,160396,29293,33273,29185,30880,153085,529644,,1631,635,860,2251,3421,881,,289573,117668,3586,,,5,66,,,NoThreatsFound,242,1445,10630
300647713290,98,346542,943496,2024-06-04T11:34:25.000Z,0,0,InitialAccess,T1078;T1078.004,FalsePositive,,,CloudLogonSession,Related,98799,138268,360606,160396,441377,673934,425863,453297,153085,529644,,1631,635,860,2251,3421,881,,289573,117668,3586,,,5,66,,,,242,1445,10630
1675037247849,48,451723,1411279,2024-06-13T18:00:16.000Z,9,45,Execution,,BenignPositive,,,File,Related,98799,135451,360606,160396,441377,673934,425863,453297,153085,529644,,1631,635,860,2251,3421,881,,258676,117668,3586,,,5,66,,,,242,1445,10630
489626273558,0,118,487444,2024-06-11T23:30:37.000Z,7,6,InitialAccess,,TruePositive,,,User,Impacted,98799,138268,360606,160396,1417,1932,1410,1493,153085,529644,,1631,635,860,2251,3421,881,,289573,117668,3586,,,5,66,,,,242,1445,10630
343597387376,196,345,5767,2024-05-26T21:09:02.000Z,109,87,Discovery,T1595,TruePositive,,,Ip,Related,98799,138268,3239,160396,441377,673934,425863,453297,153085,529644,,1631,635,860,2251,3421,881,,289573,117668,3586,,,5,66,,,,242,1445,10630
1503238554578,18,389430,1072975,2024-06-08T18:51:57.000Z,9,32,Execution,,FalsePositive,,,CloudApplication,Impacted,98799,138268,360606,160396,441377,673934,425863,453297,153085,529644,,1631,635,860,4,4,881,,289573,117668,3586,,,5,66,,,,242,1445,10630
1520418424539,0,311,68908,2024-06-05T05:54:05.000Z,7,6,InitialAccess,,TruePositive,,,CloudLogonRequest,Related,98799,138268,360606,160396,441377,673934,425863,453297,153085,529644,,1631,635,860,2251,3421,881,,289573,117668,3586,,,5,66,,,,242,1445,10630
532575948763,57,26744,23520,2024-06-14T14:13:34.000Z,46,2144,Exfiltration,,BenignPositive,,,Machine,Impacted,98799,138268,360606,160396,441377,673934,425863,453297,2282,529644,,1631,635,860,2251,3421,881,,289573,117668,3586,,,5,66,,,,242,1445,10630
1125281436175,106,766,131540,2024-06-10T14:40:43.000Z,2,2,CommandAndControl,,BenignPositive,,,Url,Related,98799,138268,360606,2,441377,673934,425863,453297,153085,529644,,1631,635,860,2251,3421,881,,289573,117668,3586,,,5,66,,Suspicious,Suspicious,242,1445,10630
1194000910114,0,163,1184523,2024-06-04T01:49:15.000Z,14,12,CredentialAccess,T1110;T1110.003;T1110.001,TruePositive,,,User,Impacted,98799,138268,360606,160396,1952,2625,1954,2081,153085,529644,,1631,635,860,2251,3421,881,,289573,117668,3586,,,5,66,,,,242,1445,10630
1245540517405,32,26579,190113,2024-06-03T08:02:49.000Z,3,4,SuspiciousActivity,,BenignPositive,,,User,Impacted,98799,138268,360606,160396,52056,91443,52264,58348,153085,529644,,1631,635,860,2251,3421,881,,289573,117668,3586,,,5,66,,Suspicious,,242,1445,10630
403726928405,28,137333,137567,2024-06-11T17:20:14.000Z,1,1,InitialAccess,T1566.002,TruePositive,,,MailMessage,Related,98799,138268,360606,160396,441377,124920,425863,453297,153085,150722,,1631,635,860,2251,3421,881,,289573,117668,3586,,,5,66,,,,242,1445,10630
352187319557,448,5745,924959,2024-06-13T00:21:30.000Z,0,0,InitialAccess,T1078;T1078.004,FalsePositive,,,Ip,Related,98799,138268,340376,160396,441377,673934,425863,453297,153085,529644,,1631,635,860,2251,3421,881,,289573,117668,3586,,,5,66,,,,0,18,10471
833223656091,22,197,1338244,2024-06-05T07:12:25.000Z,0,0,InitialAccess,T1078;T1078.004,TruePositive,,,CloudLogonRequest,Related,98799,138268,360606,160396,441377,673934,425863,453297,153085,529644,,1631,635,860,2251,3421,881,,289573,117668,3586,,,5,66,,,,242,1445,10630
206158431788,21,465,88611,2024-06-07T06:23:10.000Z,3,4,SuspiciousActivity,,BenignPositive,,,Ip,Related,98799,138268,5638,160396,441377,673934,425863,453297,153085,529644,,1631,635,860,2251,3421,881,,289573,117668,3586,,,5,66,,Suspicious,Suspicious,242,1445,10630
755914245891,0,338,162500,2024-06-06T05:37:46.000Z,4,3,InitialAccess,,TruePositive,,,Ip,Related,98799,138268,18251,160396,441377,673934,425863,453297,153085,529644,,1631,635,860,2251,3421,881,,289573,117668,3586,,,5,66,,,,5,1445,10630
85899349608,100,9946,9340,2024-05-31T09:05:53.000Z,72,53,Impact,,BenignPositive,,,Ip,Related,98799,138268,53782,160396,441377,673934,425863,453297,153085,529644,,1631,635,860,2251,3421,881,,289573,117668,3586,,,5,66,,,,242,1445,10630
927712937271,44,3574,14548,2024-06-06T16:44:44.000Z,50,36,Exfiltration,,BenignPositive,,,User,Impacted,98799,138268,360606,160396,5737,1023,5706,6130,153085,529644,,1631,635,860,2251,3421,881,,289573,117668,3586,,,5,66,,,,242,1445,10630
1039382086415,107,65684,138726,2024-06-14T22:10:56.000Z,1,1,InitialAccess,T1566.002,TruePositive,,,Url,Related,98799,138268,360606,90841,441377,673934,425863,453297,153085,529644,,1631,635,860,2251,3421,881,,289573,117668,3586,,,5,66,,,NoThreatsFound,242,1445,10630
1228360647073,304,326275,801228,2024-06-12T07:02:31.000Z,1571,3312,InitialAccess,T1566,BenignPositive,,,Ip,Related,98799,138268,21561,160396,441377,673934,425863,453297,153085,529644,,1631,635,860,2251,3421,881,,289573,117668,3586,,,5,66,,,,242,1445,10630
1391569408570,615,17466,119051,2024-06-04T16:15:22.000Z,6,5,InitialAccess,T1566,BenignPositive,,,Mailbox,Impacted,98799,138268,360606,160396,10948,8698,11111,11807,153085,529644,,1631,635,860,2251,3421,881,,289573,117668,3586,,,5,66,,,,242,1445,10630
1374389536549,0,141,1235545,2024-06-11T01:26:43.000Z,0,0,InitialAccess,T1078;T1078.004,TruePositive,,,Ip,Related,98799,138268,15071,160396,441377,673934,425863,453297,153085,529644,,1631,635,860,2251,3421,881,,289573,117668,3586,,,5,66,,,,13,37,571
695784706362,30,61313,37840,2024-06-06T03:58:35.000Z,37,15429,Exfiltration,,FalsePositive,,,MailMessage,Impacted,98799,138268,360606,160396,441377,12267,425863,453297,153085,23533,,1631,635,860,2251,3421,881,,289573,117668,3586,,,5,66,,,,242,1445,10630
1185410974040,181,87565,1527319,2024-06-04T01:53:53.000Z,6,5,InitialAccess,T1566,BenignPositive,,,Mailbox,Impacted,98799,138268,360606,160396,49880,43505,50158,51822,153085,529644,,1631,635,860,2251,3421,881,,289573,117668,3586,,,5,66,,,,242,1445,10630
214748365336,486,11980,66423,2024-06-04T12:08:09.000Z,163,134,InitialAccess,,TruePositive,,,MailMessage,Related,98799,138268,360606,160396,441377,14709,425863,453297,153085,30305,,1631,635,860,2251,3421,881,,289573,117668,3586,,,5,66,Inbound,,Malicious,242,1445,10630
1571958031748,116,557222,1629582,2024-06-04T14:25:58.000Z,1093,1948,InitialAccess,,,ContainAccount,account password changed,User,Impacted,98799,138268,360606,160396,241738,357956,259070,230978,153085,529644,,1631,635,860,2251,3421,881,,289573,117668,3586,,,5,66,,,,242,1445,10630
541165881087,0,938,108333,2024-06-05T20:45:23.000Z,4,3,InitialAccess,,TruePositive,,,CloudLogonRequest,Related,98799,138268,360606,160396,441377,673934,425863,453297,153085,529644,,1631,635,860,2251,3421,881,,289573,117668,3586,,,5,66,,,,242,1445,10630
1649267444699,55,119796,100217,2024-06-12T03:59:33.000Z,13,11,InitialAccess,T1566,TruePositive,,,File,Related,98799,1962,360606,160396,441377,673934,425863,453297,153085,529644,,1631,635,860,2251,3421,881,,2216,117668,3586,,,5,66,,,,242,1445,10630
1460288882818,90,157,1339633,2024-06-05T02:35:59.000Z,0,0,InitialAccess,T1078;T1078.004,TruePositive,,,User,Impacted,98799,138268,360606,160396,15831,25133,15802,16532,153085,529644,,1631,635,860,2251,3421,881,,289573,117668,3586,,,5,66,,,,242,1445,10630
1589137903279,12,102038,468085,2024-06-09T19:33:48.000Z,74,55,CommandAndControl,T1071;T1048,BenignPositive,,,Url,Related,98799,138268,360606,6,441377,673934,425863,453297,153085,529644,,1631,635,860,2251,3421,881,,289573,117668,3586,,,5,66,,,,242,1445,10630
1082331760380,0,333,398935,2024-06-05T00:47:07.000Z,0,0,InitialAccess,T1078;T1078.004,TruePositive,,,User,Impacted,98799,138268,360606,160396,524,697,517,563,153085,529644,,1631,635,860,2251,3421,881,,289573,117668,3586,,,5,66,,,,242,1445,10630
652835032200,55,87799,63170,2024-06-11T15:15:03.000Z,1,1,InitialAccess,T1566.002,TruePositive,,,User,Impacted,98799,138268,360606,160396,312252,335597,233857,325403,153085,529644,,1631,635,860,2251,3421,881,,289573,117668,3586,,,5,66,,,,242,1445,10630
1425929146821,69,43768,1089354,2024-06-12T09:44:35.000Z,2,2,CommandAndControl,,BenignPositive,,,Machine,Impacted,6301,138268,360606,160396,441377,673934,425863,453297,10343,529644,,1631,635,860,2251,3421,881,,289573,117668,3586,,,0,0,,Suspicious,Suspicious,242,1445,10630
644245097875,2,5645,5504,2024-06-13T15:03:31.000Z,42,27,Exfiltration,,BenignPositive,,,MailMessage,Impacted,98799,138268,360606,160396,441377,69985,425863,453297,153085,284142,,1631,635,860,2251,3421,881,,289573,117668,3586,,,5,66,,,,242,1445,10630
1477468750438,381,486,10391,2024-06-10T23:17:24.000Z,66,48,InitialAccess,,TruePositive,,,MailMessage,Related,98799,138268,360606,160396,441377,164182,425863,453297,153085,117469,,1631,635,860,2251,3421,881,,289573,117668,3586,,,5,66,Inbound,,NoThreatsFound,242,1445,10630
188978564216,110,226,1253260,2024-06-04T10:38:56.000Z,0,0,InitialAccess,T1078;T1078.004,TruePositive,,,CloudLogonRequest,Related,98799,138268,360606,160396,441377,673934,425863,453297,153085,529644,,1631,635,860,2251,3421,881,,289573,117668,3586,,,5,66,,,,242,1445,10630
1219770714799,245,36641,620854,2024-06-11T21:31:25.000Z,3,4,SuspiciousActivity,,TruePositive,,,Url,Related,98799,138268,360606,1840,441377,673934,425863,453297,153085,529644,,1631,635,860,2251,3421,881,,289573,117668,3586,,,5,66,,,,242,1445,10630
463856469751,0,183,1220214,2024-06-04T12:16:26.000Z,7,6,InitialAccess,,TruePositive,,,Ip,Related,98799,138268,2,160396,441377,673934,425863,453297,153085,529644,,1631,635,860,2251,3421,881,,289573,117668,3586,,,5,66,,,,0,11,8
1494648620655,7,4038,938,2024-06-01T10:35:22.000Z,22,10,Impact,,FalsePositive,,,Ip,Related,98799,138268,53165,160396,441377,673934,425863,453297,153085,529644,,1631,635,860,2251,3421,881,,289573,117668,3586,,,5,66,,,,242,1445,10630
257698038323,246,119916,100586,2024-06-12T21:17:34.000Z,1,1,InitialAccess,T1566.002,BenignPositive,,,Mailbox,Impacted,98799,138268,360606,160396,14472,14280,14782,14364,153085,529644,,1631,635,860,2251,3421,881,,289573,117668,3586,,,5,66,,,Malicious,242,1445,10630
515396079901,92,65916,761444,2024-06-11T04:40:17.000Z,2,2,CommandAndControl,,BenignPositive,,,Url,Related,98799,138268,360606,78,441377,673934,425863,453297,153085,529644,,1631,635,860,2251,3421,881,,289573,117668,3586,,,5,66,,Suspicious,Suspicious,242,1445,10630
1236950585216,109,128138,648936,2024-06-12T01:06:30.000Z,75,58060,Exfiltration,,BenignPositive,,,CloudApplication,Impacted,98799,138268,360606,160396,441377,673934,425863,453297,153085,529644,,1631,635,860,2,2,881,,289573,117668,3586,,,5,66,,,,242,1445,10630
1219770712855,406,10344,26267,2024-05-20T06:01:22.000Z,224,203,Impact,,TruePositive,,,Ip,Related,98799,138268,3324,160396,441377,673934,425863,453297,153085,529644,,1631,635,860,2251,3421,881,,289573,117668,3586,,,5,66,,,,242,1445,10630
1279900257354,73,215608,1457833,2024-06-14T11:59:37.000Z,80,44610,Exfiltration,,FalsePositive,,,MailMessage,Impacted,98799,138268,360606,160396,441377,460288,425863,453297,153085,243661,,1631,635,860,2251,3421,881,,289573,117668,3586,,,5,66,,,,242,1445,10630
936302872887,48,449304,1395001,2024-06-10T16:53:25.000Z,5,72,SuspiciousActivity,,BenignPositive,,,CloudApplication,Impacted,98799,138268,360606,160396,441377,673934,425863,453297,153085,529644,,1631,635,860,1,1,881,,289573,117668,3586,,,5,66,,,,242,1445,10630
627065229065,812,77411,663886,2024-06-04T10:51:40.000Z,11,9,InitialAccess,T1566,BenignPositive,,,MailMessage,Related,98799,138268,360606,160396,441377,109252,425863,453297,153085,196206,,1631,635,860,2251,3421,881,,289573,117668,3586,,,5,66,,,,242,1445,10630
1468878816857,1,485,53474,2024-06-03T12:26:13.000Z,0,0,InitialAccess,T1078;T1078.004,TruePositive,,,CloudLogonSession,Related,98799,138268,360606,160396,441377,673934,425863,453297,153085,529644,,1631,635,860,2251,3421,881,,289573,117668,3586,,,5,66,,,,242,1445,10630
1219770713815,0,117,103547,2024-06-09T03:39:51.000Z,4,3,InitialAccess,,TruePositive,,,Ip,Related,98799,138268,8540,160396,441377,673934,425863,453297,153085,529644,,1631,635,860,2251,3421,881,,289573,117668,3586,,,5,66,,,,5,1445,10630
1133871371261,112,56501,34995,2024-06-11T23:29:39.000Z,1,1,InitialAccess,T1566.002,BenignPositive,,,MailMessage,Related,98799,138268,360606,160396,441377,170460,425863,453297,153085,165448,,1631,635,860,2251,3421,881,,289573,117668,3586,,,5,66,Inbound,,NoThreatsFound,242,1445,10630
790273982466,25,205587,91176,2024-06-10T22:14:16.000Z,67,11402,Exfiltration,,BenignPositive,,,MailMessage,Impacted,98799,138268,360606,160396,441377,5344,425863,453297,153085,13336,,1631,635,860,2251,3421,881,,289573,117668,3586,,,5,66,,,,242,1445,10630
773094113363,702,37475,960751,2024-06-14T20:16:23.000Z,4,3,InitialAccess,,TruePositive,,,CloudLogonRequest,Related,98799,138268,360606,160396,441377,673934,425863,453297,153085,529644,,1631,635,860,2251,3421,881,,289573,117668,3586,,,5,66,,,,242,1445,10630
678604834455,1,507,43063,2024-06-03T09:59:40.000Z,0,0,InitialAccess,T1078;T1078.004,TruePositive,,,CloudLogonRequest,Related,98799,138268,360606,160396,441377,673934,425863,453297,153085,529644,,1631,635,860,2251,3421,881,,289573,117668,3586,,,5,66,,,,242,1445,10630
1348619733187,119,11323,4606,2024-06-14T08:05:06.000Z,28,19,InitialAccess,T1566,FalsePositive,,,MailMessage,Related,98799,138268,360606,160396,441377,115,425863,453297,153085,5625,,1631,635,860,2251,3421,881,,289573,117668,3586,,,5,66,Inbound,,NoThreatsFound,242,1445,10630
103079216827,0,403,125290,2024-06-04T08:20:33.000Z,7,6,InitialAccess,,TruePositive,,,Ip,Related,98799,138268,49,160396,441377,673934,425863,453297,153085,529644,,1631,635,860,2251,3421,881,,289573,117668,3586,,,5,66,,,,1,0,0
566935684681,41,50744,13529,2024-06-12T14:21:49.000Z,32,6861,Exfiltration,,TruePositive,,,File,Impacted,98799,138268,360606,160396,441377,673934,425863,453297,153085,529644,,1631,635,860,2251,3421,881,,134587,0,3586,,,5,66,,,,242,1445,10630
34359742817,403,1004,37316,2024-06-11T20:10:41.000Z,6,5,InitialAccess,T1566,BenignPositive,,,MailCluster,Related,98799,138268,360606,160396,441377,673934,425863,453297,153085,529644,,1631,635,860,2251,3421,881,,289573,117668,3586,,,5,66,,,NoThreatsFound,242,1445,10630
549755818661,103,324,23974,2024-06-04T19:03:14.000Z,11,9,InitialAccess,T1566,BenignPositive,,,User,Impacted,98799,138268,360606,160396,105587,100490,99248,96816,153085,529644,,1631,635,860,2251,3421,881,,289573,117668,3586,,,5,66,,,,242,1445,10630
816043786241,25,105,64483,2024-06-11T14:23:45.000Z,30,3591,Exfiltration,,BenignPositive,,,MailMessage,Impacted,98799,138268,360606,160396,441377,13162,425863,453297,153085,17019,,1631,635,860,2251,3421,881,,289573,117668,3586,,,5,66,,,,242,1445,10630
1468878816981,0,134,1197583,2024-06-08T15:51:22.000Z,0,0,InitialAccess,T1078;T1078.004,TruePositive,,,CloudLogonRequest,Related,98799,138268,360606,160396,441377,673934,425863,453297,153085,529644,,1631,635,860,2251,3421,881,,289573,117668,3586,,,5,66,,,,242,1445,10630
549755815365,116,508506,354054,2024-06-10T04:21:50.000Z,477,43459,Exfiltration,,,ContainAccount,update stsrefreshtokenvalidfrom timestamp.,User,Impacted,98799,138268,360606,160396,16186,27016,16225,17585,153085,529644,,1631,635,860,2251,3421,881,,289573,117668,3586,,,5,66,,,,242,1445,10630
309237649430,10,208,612,2024-05-20T23:38:09.000Z,12,837,Impact,,TruePositive,,,Ip,Related,98799,138268,800,160396,441377,673934,425863,453297,153085,529644,,1631,635,860,2251,3421,881,,289573,117668,3586,,,5,66,,,,242,1445,10630
463856472271,36,247889,143245,2024-06-13T12:20:36.000Z,3,2137,Malware,,FalsePositive,,,Ip,Related,98799,138268,164740,160396,441377,673934,425863,453297,153085,529644,,1631,635,860,2251,3421,881,,289573,117668,3586,,,5,66,,Suspicious,Suspicious,242,1445,10630
1468878819342,20,965,85,2024-05-25T20:34:54.000Z,79,84,Impact,,FalsePositive,,,Ip,Related,98799,138268,5804,160396,441377,673934,425863,453297,153085,529644,,1631,635,860,2251,3421,881,,289573,117668,3586,,,5,66,,,,242,1445,10630
807453852737,140,283807,1456722,2024-06-04T11:32:39.000Z,532,45858,Exfiltration,,FalsePositive,,,File,Impacted,98799,138268,360606,160396,441377,673934,425863,453297,153085,529644,,1631,635,860,2251,3421,881,,55104,0,3586,,,5,66,,,,242,1445,10630
1614907703806,151,8329,5557,2024-06-03T12:02:32.000Z,113,91,InitialAccess,,BenignPositive,,,Ip,Related,98799,138268,6273,160396,441377,673934,425863,453297,153085,529644,,1631,635,860,2251,3421,881,,289573,117668,3586,,,5,66,,,,242,1445,10630
738734375839,18,249648,1070157,2024-06-06T09:32:53.000Z,9,32,Execution,,FalsePositive,,,CloudApplication,Impacted,98799,138268,360606,160396,441377,673934,425863,453297,153085,529644,,1631,635,860,4,4,881,,289573,117668,3586,,,5,66,,,,242,1445,10630
1305670059561,1,36,922869,2024-06-04T13:55:44.000Z,0,0,InitialAccess,T1078;T1078.004,TruePositive,,,CloudLogonRequest,Related,98799,138268,360606,160396,441377,673934,425863,453297,153085,529644,,1631,635,860,2251,3421,881,,289573,117668,3586,,,5,66,,,,242,1445,10630
1443109014578,63,363,1183795,2024-06-03T11:52:14.000Z,0,0,InitialAccess,T1078;T1078.004,TruePositive,,,User,Impacted,98799,138268,360606,160396,2164,2856,2158,2269,153085,529644,,1631,635,860,2251,3421,881,,289573,117668,3586,,,5,66,,,,242,1445,10630
1314259993431,107,68557,138709,2024-06-14T05:39:10.000Z,1,1,InitialAccess,T1566.002,TruePositive,,,MailMessage,Related,98799,138268,360606,160396,441377,40219,425863,453297,153085,77906,,1631,635,860,2251,3421,881,,289573,117668,3586,,,5,66,Inbound,,Malicious,242,1445,10630
1125281433350,84,117879,33747,2024-06-14T07:55:25.000Z,6,5,InitialAccess,T1566,BenignPositive,,,MailCluster,Related,98799,138268,360606,160396,441377,673934,425863,453297,153085,529644,4042519724.0,1631,635,860,2251,3421,881,,289573,117668,3586,,,5,66,,,NoThreatsFound,242,1445,10630
60129547328,46,10544,3373,2024-06-09T18:42:02.000Z,64,42,CommandAndControl,T1568;T1008,BenignPositive,,,Ip,Related,98799,138268,3101,160396,441377,673934,425863,453297,153085,529644,,1631,635,860,2251,3421,881,,289573,117668,3586,,,5,66,,,,242,1445,10630
721554506195,156,71296,96005,2024-06-10T19:13:06.000Z,1,1,InitialAccess,T1566.002,BenignPositive,,,MailMessage,Related,98799,138268,360606,160396,441377,166420,425863,453297,153085,178617,,1631,635,860,2251,3421,881,,289573,117668,3586,,,5,66,Inbound,,NoThreatsFound,242,1445,10630
395136991850,43,644,5212,2024-05-21T07:18:21.000Z,52,10,Impact,,BenignPositive,,,Ip,Related,98799,138268,6420,160396,441377,673934,425863,453297,153085,529644,,1631,635,860,2251,3421,881,,289573,117668,3586,,,5,66,,,,242,1445,10630
523986010198,67,3800,4453,2024-06-05T15:33:06.000Z,1,1,InitialAccess,T1566.002,BenignPositive,,,Mailbox,Impacted,98799,138268,360606,160396,441377,53975,425863,453297,153085,529644,,1631,635,860,2251,3421,881,,289573,117668,3586,,,5,66,,,,242,1445,10630
1623497641758,100,2736,15082,2024-05-21T19:50:36.000Z,72,53,Impact,,BenignPositive,,,Ip,Related,98799,138268,260994,160396,441377,673934,425863,453297,153085,529644,,1631,635,860,2251,3421,881,,289573,117668,3586,,,5,66,,,,242,1445,10630
970662610996,568,77358,328517,2024-06-03T19:39:46.000Z,0,0,InitialAccess,T1078;T1078.004,TruePositive,,,CloudLogonRequest,Related,98799,138268,360606,160396,441377,673934,425863,453297,153085,529644,,1631,635,860,2251,3421,881,,289573,117668,3586,,,5,66,,,,242,1445,10630
962072675054,60,127,70587,2024-06-12T17:38:59.000Z,51,4293,Exfiltration,,FalsePositive,,,MailMessage,Impacted,98799,138268,360606,160396,441377,3764,425863,453297,153085,26711,,1631,635,860,2251,3421,881,,289573,117668,3586,,,5,66,,,,242,1445,10630
1503238555381,26,57834,1094107,2024-06-14T17:00:38.000Z,44,71,SuspiciousActivity,,BenignPositive,,,User,Impacted,98799,138268,360606,160396,2,13,2,2,153085,529644,,1631,635,860,2251,3421,881,,289573,117668,3586,,,5,66,,Suspicious,Suspicious,242,1445,10630
1228360648674,19,649,4037,2024-06-01T08:45:47.000Z,23,16,CommandAndControl,,TruePositive,,,Url,Related,98799,138268,360606,753,441377,673934,425863,453297,153085,529644,,1631,635,860,2251,3421,881,,289573,117668,3586,,,5,66,,,,242,1445,10630
1262720389162,24,16250,557487,2024-06-05T06:20:39.000Z,5,21,SuspiciousActivity,,TruePositive,,,User,Impacted,98799,138268,360606,160396,621,826,615,660,153085,529644,,1631,635,860,2251,3421,881,,289573,117668,3586,,,5,66,,,,242,1445,10630
936302875058,69,68794,254075,2024-06-04T05:51:29.000Z,2,2,CommandAndControl,,BenignPositive,,,Url,Related,98799,138268,360606,120,441377,673934,425863,453297,153085,529644,,1631,635,860,2251,3421,881,,289573,117668,3586,,,5,66,,Suspicious,Suspicious,242,1445,10630
1477468750942,16,65624,49131,2024-06-03T14:15:48.000Z,24,73,Exfiltration,,BenignPositive,,,MailMessage,Impacted,98799,138268,360606,160396,441377,330393,425863,453297,153085,348466,,1631,635,860,2251,3421,881,,289573,117668,3586,,,5,66,,,,242,1445,10630
1529008359075,167,25813,751147,2024-06-11T02:20:02.000Z,2,2,CommandAndControl,,BenignPositive,,,Url,Related,98799,138268,360606,493,441377,673934,425863,453297,153085,529644,,1631,635,860,2251,3421,881,,289573,117668,3586,,,5,66,,Suspicious,Suspicious,242,1445,10630
738734376299,65,270420,218189,2024-06-03T10:45:54.000Z,455,477,InitialAccess,,TruePositive,,,MailMessage,Related,98799,138268,360606,160396,441377,22519,425863,453297,153085,73745,,1631,635,860,2251,3421,881,,289573,117668,3586,,,5,66,,,,242,1445,10630
1108101565099,8,6929,263728,2024-06-10T01:15:26.000Z,3,4,SuspiciousActivity,,TruePositive,,,Machine,Impacted,233,138268,360606,160396,441377,673934,425863,453297,1106,529644,,1631,635,860,2251,3421,881,,289573,117668,3586,,,5,66,,Suspicious,Suspicious,242,1445,10630
592705491228,36,325003,755053,2024-06-07T15:28:11.000Z,2,2,CommandAndControl,,FalsePositive,,,Url,Related,98799,138268,360606,868,441377,673934,425863,453297,153085,529644,,1631,635,860,2251,3421,881,,289573,117668,3586,,,5,66,,Suspicious,Suspicious,242,1445,10630
103079218245,289,76407,64315,2024-06-05T06:41:47.000Z,507,14477,Exfiltration,,BenignPositive,,,User,Impacted,98799,138268,360606,160396,83952,121734,83431,83894,153085,529644,,1631,635,860,2251,3421,881,,289573,117668,3586,,,5,66,,,,242,1445,10630
240518169168,42,228,143694,2024-06-06T20:41:50.000Z,43,28,Malware,T1027;T1027.002;T1027.005;T1105;T1204.002,BenignPositive,,,File,Related,98799,552,360606,160396,441377,673934,425863,453297,153085,529644,,1631,635,860,2251,3421,881,,606,10,3586,,,5,66,,Suspicious,Suspicious,242,1445,10630
867583399030,365,7769,1530849,2024-06-07T05:04:33.000Z,343,350,InitialAccess,,FalsePositive,,,Mailbox,Impacted,98799,138268,360606,160396,143202,215528,164481,136635,153085,529644,,1631,635,860,2251,3421,881,,289573,117668,3586,,,5,66,,,,242,1445,10630
1374389535976,248,466,12318,2024-06-08T10:33:56.000Z,149,125,Exfiltration,,BenignPositive,,,File,Impacted,98799,138268,360606,160396,441377,673934,425863,453297,153085,529644,,1631,635,860,2251,3421,881,,227072,1365,3586,,,5,66,,,,242,1445,10630
721554507571,131,459,31755,2024-06-13T04:21:26.000Z,6,5,InitialAccess,T1566,BenignPositive,,,MailCluster,Related,98799,138268,360606,160396,441377,673934,425863,453297,153085,529644,,1631,635,860,2251,3421,881,,289573,117668,3586,,,5,66,,,NoThreatsFound,242,1445,10630
558345750416,87,263619,205840,2024-06-10T15:55:44.000Z,2,2,CommandAndControl,,FalsePositive,,,Machine,Impacted,10308,138268,360606,160396,441377,673934,425863,453297,15175,529644,,1631,635,860,2251,3421,881,,289573,117668,3586,,,0,0,,Suspicious,Suspicious,242,1445,10630
1460288884674,322,122248,275514,2024-06-10T15:30:18.000Z,2,2,CommandAndControl,,BenignPositive,,,Machine,Impacted,3225,138268,360606,160396,441377,673934,425863,453297,6313,529644,,1631,635,860,2251,3421,881,,289573,117668,3586,,,0,0,,Suspicious,Suspicious,242,1445,10630
764504178755,6,2511,1471,2024-06-02T05:43:28.000Z,17,285,Impact,,TruePositive,,,Ip,Related,98799,138268,255,160396,441377,673934,425863,453297,153085,529644,,1631,635,860,2251,3421,881,,289573,117668,3586,,,5,66,,,,242,1445,10630
979252548043,9,201,71354,2024-06-14T18:37:17.000Z,40,22076,Exfiltration,,BenignPositive,,,User,Impacted,98799,138268,360606,160396,463,617,456,499,153085,529644,,1631,635,860,2251,3421,881,,289573,117668,3586,,,5,66,,,,242,1445,10630
558345752206,3,303072,783008,2024-06-10T19:05:14.000Z,2,2,CommandAndControl,,BenignPositive,,,Machine,Impacted,4444,138268,360606,160396,441377,673934,425863,453297,8057,529644,,1631,635,860,2251,3421,881,,289573,117668,3586,,,0,0,,Suspicious,Suspicious,242,1445,10630
197568499009,302,26275,128660,2024-06-07T01:41:30.000Z,2,2,CommandAndControl,,BenignPositive,,,Url,Related,98799,138268,360606,89,441377,673934,425863,453297,153085,529644,,1631,635,860,2251,3421,881,,289573,117668,3586,,,5,66,,Suspicious,Suspicious,242,1445,10630
1133871366878,290,4782,2587,2024-06-05T14:55:49.000Z,150,124,CredentialAccess,,FalsePositive,,,User,Impacted,98799,138268,360606,160396,9068,13644,9060,9698,153085,529644,,1631,635,860,2251,3421,881,,289573,117668,3586,,,5,66,,,,242,1445,10630
1700807051226,19,5918,4084,2024-06-03T21:27:45.000Z,23,16,CommandAndControl,,BenignPositive,,,Url,Related,98799,138268,360606,261,441377,673934,425863,453297,153085,529644,,1631,635,860,2251,3421,881,,289573,117668,3586,,,5,66,,,,242,1445,10630
283467845491,14,4337,2983,2024-06-01T17:43:24.000Z,29,20,Impact,,TruePositive,,,Ip,Related,98799,138268,50929,160396,441377,673934,425863,453297,153085,529644,,1631,635,860,2251,3421,881,,289573,117668,3586,,,5,66,,,,242,1445,10630
420906796789,220,77559,797767,2024-06-13T11:47:56.000Z,178,66603,Exfiltration,,FalsePositive,,,Machine,Impacted,5709,138268,360606,160396,441377,673934,425863,453297,9708,529644,,1631,635,860,2251,3421,881,,289573,117668,3586,,,5,66,,,,242,1445,10630
326417519342,38,258240,606503,2024-06-04T12:53:23.000Z,3,4,SuspiciousActivity,,BenignPositive,,,Ip,Related,98799,138268,204589,160396,441377,673934,425863,453297,153085,529644,,1631,635,860,2251,3421,881,,289573,117668,3586,,,5,66,,Suspicious,Suspicious,242,1445,10630
833223656091,22,197,1266559,2024-06-04T17:49:43.000Z,0,0,InitialAccess,T1078;T1078.004,TruePositive,,,CloudLogonRequest,Related,98799,138268,360606,160396,441377,673934,425863,453297,153085,529644,,1631,635,860,2251,3421,881,,289573,117668,3586,,,5,66,,,,242,1445,10630
901943136851,272,182399,1484036,2024-06-09T19:30:55.000Z,35,23,InitialAccess,T1566,TruePositive,,,MailMessage,Related,98799,138268,360606,160396,441377,717,425863,453297,153085,500952,,1631,635,860,2251,3421,881,,289573,117668,3586,,,5,66,,,,242,1445,10630
1047972023838,139,5258,9677,2024-06-05T18:03:07.000Z,10,8,InitialAccess,T1566.001,BenignPositive,,,File,Related,98799,6946,360606,160396,441377,673934,425863,453297,153085,529644,,1631,635,860,2251,3421,881,,1860,117668,3586,,,5,66,,,,242,1445,10630
575525621205,2,4420,6423,2024-06-03T18:11:02.000Z,15,13,Exfiltration,,BenignPositive,,,MailMessage,Impacted,98799,138268,360606,160396,441377,9,425863,453297,153085,23104,,1631,635,860,2251,3421,881,,289573,117668,3586,,,5,66,,,,242,1445,10630
